Attrition,Age,Gender,TotalWorkingYears,YearsInCurrentRole,YearsSinceLastPromotion,DistanceFromHome,JobLevel,MonthlyIncome,PercentSalaryHike,TrainingTimesLastYear,StockOptionLevel,EnvironmentSatisfaction,JobInvolvement,JobSatisfaction,RelationshipSatisfaction,WorkLifeBalance
Yes,41,Female,8,4,0,1,2,5993,11,0,0,2,3,4,1,1
No,49,Male,10,7,1,8,2,5130,23,3,1,3,2,2,4,3
Yes,37,Male,7,0,0,2,1,2090,15,3,0,4,2,3,2,3
No,33,Female,8,7,3,3,1,2909,11,3,0,4,3,3,3,3
No,27,Male,6,2,2,2,1,3468,12,3,1,1,3,2,4,3
No,32,Male,8,7,3,2,1,3068,13,2,0,4,3,4,3,2
No,59,Female,12,0,0,3,1,2670,20,3,3,3,4,1,1,2
No,30,Male,1,0,0,24,1,2693,22,2,1,4,3,3,2,3
No,38,Male,10,7,1,23,3,9526,21,2,0,4,2,3,2,3
No,36,Male,17,7,7,27,2,5237,13,3,2,3,3,3,2,2
No,35,Male,6,4,0,16,1,2426,13,5,1,1,4,2,3,3
No,29,Female,10,5,0,15,2,4193,12,3,0,4,2,3,4,3
No,31,Male,5,2,4,26,1,2911,17,1,1,1,3,3,4,2
No,34,Male,3,2,1,19,1,2661,11,2,1,2,3,4,3,3
Yes,28,Male,6,2,0,24,1,2028,14,4,0,3,2,3,2,3
No,29,Female,10,9,8,21,3,9980,11,1,1,2,4,1,3,3
No,32,Male,7,2,0,5,1,3298,12,5,2,1,4,2,4,2
No,22,Male,1,0,0,16,1,2935,13,2,2,4,4,4,2,2
No,53,Female,31,8,3,2,4,15427,16,3,0,1,2,4,3,3
No,38,Male,6,2,1,2,1,3944,11,3,0,4,3,4,3,3
No,24,Female,5,2,1,11,2,4011,18,5,1,1,4,3,4,2
Yes,36,Male,10,3,0,9,1,3407,23,4,0,3,2,1,2,3
No,34,Female,13,6,2,7,3,11994,11,4,0,1,3,2,3,3
No,21,Male,0,0,0,15,1,1232,14,6,0,3,3,4,4,3
Yes,34,Male,8,2,1,6,1,2960,11,2,0,2,3,1,3,3
No,53,Female,26,13,4,5,5,19094,11,3,1,3,3,3,4,2
Yes,32,Female,10,2,6,16,1,3919,22,5,0,2,1,1,2,3
No,42,Male,10,7,4,8,2,6825,11,2,1,3,3,2,4,3
No,44,Female,24,6,5,7,3,10248,14,4,1,1,2,4,4,3
No,46,Female,22,2,2,2,5,18947,12,2,0,2,3,1,4,2
No,33,Male,7,1,0,2,1,2496,11,3,0,3,3,4,4,3
No,44,Male,9,2,1,10,2,6465,13,5,0,4,3,4,4,4
No,30,Male,10,0,1,9,1,2206,13,5,0,4,2,3,1,3
Yes,39,Male,19,0,0,5,2,2086,14,6,1,4,3,4,3,4
Yes,24,Male,6,0,2,1,1,2293,16,2,1,2,3,4,1,2
No,43,Female,6,3,1,2,1,2645,12,3,2,4,4,3,4,2
Yes,50,Male,3,2,0,3,1,2683,14,2,0,1,2,3,3,3
No,35,Female,2,2,2,2,1,2014,13,3,0,4,3,4,1,3
No,36,Female,6,1,0,5,1,3419,14,3,1,2,2,1,4,4
No,33,Female,10,3,1,1,2,5376,19,3,2,3,4,1,1,3
No,35,Male,1,0,0,4,1,1951,12,3,1,3,3,4,3,3
No,27,Female,1,0,0,2,1,2341,13,6,1,4,3,1,4,3
Yes,26,Male,1,0,0,25,1,2293,12,2,0,1,1,3,3,2
No,27,Male,9,8,1,8,3,8726,15,0,0,4,3,3,4,3
No,30,Female,12,8,3,1,2,4011,23,2,0,3,3,4,4,3
Yes,41,Female,23,15,15,12,5,19545,12,0,0,2,3,3,4,3
No,34,Male,10,5,8,23,2,4568,20,2,0,2,3,3,3,3
No,37,Male,8,0,0,19,1,3022,21,1,0,2,3,2,1,3
No,46,Male,14,6,0,5,2,5772,21,4,0,1,3,4,3,3
No,35,Male,1,0,0,8,1,2269,19,2,0,4,4,4,4,3
Yes,48,Male,23,0,0,1,3,5381,13,2,0,1,2,3,4,3
Yes,28,Male,2,2,2,5,1,3441,13,3,0,3,3,3,3,2
No,44,Female,9,3,1,1,2,5454,21,2,1,2,3,1,3,2
No,35,Male,10,0,2,11,3,9884,13,3,1,3,2,1,3,3
No,26,Female,5,2,0,23,2,4157,19,2,1,3,2,4,3,2
No,33,Female,15,14,8,1,3,13458,12,1,0,1,3,4,3,3
No,35,Male,9,8,1,18,3,9069,22,3,1,2,3,1,4,2
No,35,Female,4,2,2,23,1,4014,15,3,1,3,3,1,3,3
No,31,Male,10,7,1,7,2,5915,22,3,1,4,3,4,4,2
No,37,Male,7,5,0,1,2,5993,18,2,1,1,2,3,3,4
No,32,Male,9,8,7,1,2,6162,22,3,1,1,3,4,2,3
No,38,Female,10,3,9,29,2,2406,11,2,0,4,3,4,4,3
No,50,Female,29,3,13,7,5,18740,12,2,1,2,2,3,4,2
No,59,Female,28,16,7,25,3,7637,11,3,0,1,3,1,4,2
No,36,Female,17,14,12,8,3,10096,13,2,3,3,3,3,2,3
No,55,Female,21,0,0,8,4,14756,14,2,3,4,3,3,3,3
No,36,Male,6,5,0,11,2,6499,13,3,0,2,2,2,3,3
No,45,Male,25,0,0,7,3,9724,17,2,1,2,3,1,3,3
No,35,Male,5,2,1,1,1,2194,13,2,1,2,3,1,4,2
Yes,36,Male,2,0,0,9,1,3388,17,0,1,4,2,3,1,2
No,59,Female,20,3,1,1,2,5473,11,2,0,1,2,3,4,2
No,29,Male,6,4,0,2,1,2703,23,3,1,3,3,2,4,3
No,31,Male,1,1,1,1,1,2501,17,4,0,3,3,2,2,3
No,32,Male,10,4,0,1,2,6220,17,3,2,2,3,2,2,3
No,36,Female,5,0,0,6,1,3038,12,3,0,2,4,4,2,3
No,31,Female,11,7,1,8,2,4424,23,2,0,3,3,4,4,3
No,35,Male,16,13,2,1,2,4312,14,2,0,3,2,1,2,3
No,45,Male,17,0,0,6,3,13245,14,3,0,4,3,1,2,4
No,37,Male,16,2,0,7,3,13664,13,3,0,1,3,3,1,4
No,46,Male,16,2,0,5,2,5021,22,2,1,2,3,2,4,3
No,30,Male,10,8,3,1,2,5126,12,1,2,4,2,4,3,2
No,35,Male,6,4,0,1,1,2859,18,3,0,2,2,3,1,3
No,55,Male,24,0,1,1,3,10239,14,4,1,1,3,4,4,3
No,38,Female,17,11,1,6,2,5329,12,3,3,2,1,4,4,3
No,34,Male,5,2,1,1,2,4325,15,2,0,1,3,2,3,3
No,56,Male,37,4,0,7,3,7260,11,3,0,4,1,4,1,2
No,23,Male,3,0,0,2,1,2322,13,3,1,3,3,1,3,3
No,51,Male,10,2,0,9,1,2075,23,4,2,4,3,4,2,3
No,30,Male,11,10,10,2,2,4152,19,3,3,3,2,4,1,3
Yes,46,Male,9,8,4,9,3,9619,16,3,0,3,2,4,4,3
No,40,Male,22,3,11,1,4,13503,22,3,1,3,2,2,4,2
No,51,Male,11,7,1,21,2,5441,22,2,0,3,3,4,4,1
No,30,Female,11,8,2,4,2,5209,12,4,3,3,2,2,2,2
No,46,Male,21,9,9,1,3,10673,13,5,1,3,2,1,3,2
No,32,Male,12,8,5,6,2,5010,16,0,0,2,3,3,1,3
No,54,Female,16,3,0,2,3,13549,12,5,1,1,3,3,1,1
No,24,Female,4,2,0,3,2,4999,21,2,1,1,3,3,1,2
No,28,Male,5,4,0,4,2,4221,15,3,0,2,3,3,2,4
No,58,Male,38,10,1,10,4,13872,13,1,0,4,3,3,3,2
No,44,Male,17,2,1,23,2,2042,12,3,1,2,3,2,3,4
Yes,37,Male,7,2,0,6,1,2073,22,3,0,3,3,1,4,3
No,32,Male,1,0,0,1,1,2956,13,2,0,4,3,1,4,3
Yes,20,Female,1,0,1,6,1,2926,18,5,0,4,2,4,2,3
No,34,Female,16,13,2,6,2,4809,14,3,0,1,3,3,3,3
No,37,Male,17,0,0,2,2,5163,14,2,1,3,2,4,4,4
No,59,Female,30,2,2,2,5,18844,21,3,1,3,2,4,4,3
No,50,Female,28,3,0,1,5,18172,19,1,0,1,3,2,1,2
Yes,25,Male,6,4,0,5,2,5744,11,1,0,3,2,3,4,3
No,25,Male,2,2,2,7,1,2889,11,2,2,4,2,4,3,3
No,22,Female,1,0,0,15,1,2871,15,5,0,2,3,4,3,3
No,51,Female,23,12,12,1,3,7484,20,1,0,1,2,1,3,2
Yes,34,Male,9,7,0,7,2,6074,24,3,0,1,1,3,4,3
No,54,Female,23,3,4,26,4,17328,12,3,0,4,4,4,3,3
No,24,Male,6,3,1,18,1,2774,12,2,1,2,3,3,3,3
No,34,Female,12,0,0,6,2,4505,15,3,1,3,2,2,3,3
No,37,Male,12,3,1,3,3,7428,12,3,0,3,3,4,1,3
No,34,Female,14,10,5,5,3,11631,12,6,0,3,2,1,4,3
No,36,Female,10,7,2,11,3,9738,14,6,1,2,3,4,3,3
No,36,Female,7,0,0,3,1,2835,22,2,1,1,3,4,1,3
No,43,Male,25,12,4,26,4,16959,12,3,2,3,3,4,4,4
No,30,Male,10,7,0,23,1,2613,25,2,3,1,1,3,3,2
No,33,Male,8,7,0,22,2,6146,13,2,1,3,3,2,1,4
Yes,56,Female,7,4,4,14,1,4963,18,2,3,2,3,2,1,3
No,51,Male,23,18,15,6,5,19537,13,5,0,1,3,3,3,3
Yes,31,Male,12,7,7,6,2,6172,18,3,0,2,1,3,2,2
No,26,Female,5,4,4,6,1,2368,19,3,0,3,2,2,3,2
Yes,58,Female,40,10,15,23,3,10312,12,3,1,4,3,4,4,2
Yes,19,Male,0,0,0,22,1,1675,19,2,0,4,3,3,4,2
No,22,Male,3,1,2,2,1,2523,14,2,1,3,3,4,3,3
No,49,Female,16,11,5,20,2,6567,14,2,0,3,3,1,3,2
No,43,Female,18,2,1,28,1,4739,12,2,0,2,4,3,4,3
No,50,Female,16,2,2,12,3,9208,11,3,0,3,3,4,4,3
Yes,31,Female,4,2,2,20,2,4559,11,2,1,2,1,3,3,3
No,41,Male,12,7,0,9,3,8189,13,2,1,3,3,3,3,3
No,26,Female,8,7,5,25,1,2942,23,3,1,3,3,3,4,3
No,36,Male,7,2,0,6,2,4941,20,0,2,2,3,2,4,3
Yes,51,Male,18,2,0,8,3,10650,15,2,0,1,1,4,4,3
No,39,Female,17,11,5,4,2,5902,14,1,1,4,2,3,3,4
No,25,Male,6,2,2,28,2,8639,18,3,0,1,2,3,4,3
No,30,Male,12,9,4,9,2,6347,19,2,0,3,3,4,4,1
Yes,32,Female,10,4,0,9,1,4200,22,2,0,1,3,1,1,4
No,45,Male,9,5,0,29,1,3452,13,2,0,3,3,4,2,2
No,38,Female,19,2,2,3,2,4317,20,2,0,4,3,3,2,3
No,30,Female,5,4,0,18,1,2632,14,4,0,1,3,3,3,2
No,32,Male,9,7,0,9,2,4668,17,2,3,4,1,4,4,4
No,30,Female,8,2,2,5,1,3204,14,3,1,4,3,1,4,3
No,30,Male,6,3,1,2,1,2720,13,3,0,2,2,4,4,3
No,41,Male,21,6,7,10,4,17181,13,2,1,4,2,1,2,2
No,41,Male,7,0,1,9,1,2238,21,2,1,3,3,1,4,3
No,19,Female,1,0,0,3,1,1483,14,3,0,2,3,2,4,3
No,40,Female,20,7,2,26,2,5605,11,2,1,2,3,2,1,3
No,35,Male,10,8,0,1,3,7295,13,3,2,3,3,2,1,3
No,53,Male,13,7,4,6,2,2306,20,3,1,2,3,3,4,1
No,45,Male,20,9,0,9,2,2348,18,2,1,2,3,2,3,1
No,32,Female,9,8,3,8,3,8998,14,2,0,2,3,4,4,3
No,29,Male,10,7,0,1,2,4319,13,1,1,4,3,3,1,3
No,51,Male,10,0,0,7,2,6132,17,2,0,2,2,3,3,3
No,58,Female,9,0,0,9,1,3346,20,3,1,2,2,2,2,2
No,40,Male,15,11,2,4,3,10855,11,2,1,3,2,4,1,2
No,34,Female,6,3,1,2,1,2231,18,3,1,3,3,3,4,3
No,22,Male,2,2,2,19,1,2323,24,6,2,3,3,4,1,3
No,27,Male,6,2,2,9,1,2024,18,1,1,4,3,2,4,1
No,28,Male,5,2,0,21,1,2713,11,2,1,3,3,4,3,1
No,57,Male,12,3,1,24,3,9439,16,2,1,3,4,4,2,1
No,27,Male,1,1,0,3,1,2566,15,2,1,3,2,3,4,2
No,50,Female,21,4,4,11,5,19926,15,5,0,3,3,2,2,3
No,41,Male,13,8,1,14,1,2451,12,2,1,1,3,3,1,3
No,30,Female,12,9,7,5,3,9419,12,2,1,2,3,4,3,3
No,38,Female,12,3,0,1,2,8686,22,2,0,1,2,4,3,4
No,32,Male,8,4,1,6,1,3038,20,2,0,3,3,3,1,3
No,27,Male,6,2,1,17,1,3058,16,3,1,3,3,2,4,2
Yes,19,Female,1,0,0,1,1,2325,21,5,0,3,1,1,1,4
No,36,Male,13,7,7,3,1,2088,12,3,0,4,3,2,3,2
No,30,Male,12,9,6,9,2,3072,11,4,2,3,3,1,3,3
No,45,Female,9,4,0,4,2,5006,11,3,1,3,3,1,1,4
No,56,Female,19,2,2,8,1,4257,18,3,1,3,3,1,3,3
No,33,Male,4,1,0,2,1,2500,14,2,0,3,3,4,1,4
Yes,19,Male,1,0,1,2,1,1102,22,3,0,2,2,4,3,2
No,46,Female,24,13,15,1,3,10453,25,2,3,2,3,1,3,3
No,38,Female,2,2,2,9,1,2288,12,3,0,3,3,4,3,3
No,31,Female,7,2,0,12,1,3929,23,0,1,3,3,4,3,3
No,34,Female,9,2,1,27,1,2311,15,3,0,4,3,2,4,3
Yes,41,Female,4,3,0,20,1,3140,22,5,0,2,3,2,4,2
No,50,Male,5,2,0,1,1,3690,15,2,1,3,2,3,4,2
No,53,Female,5,2,1,13,2,4450,11,3,2,4,4,1,3,3
No,33,Female,8,7,1,14,1,2756,13,5,1,4,3,2,4,3
No,40,Female,21,8,9,4,5,19033,14,2,1,4,3,3,2,3
No,55,Male,36,15,2,14,5,18722,11,3,0,3,4,2,4,3
No,34,Male,10,9,1,2,2,9547,17,2,0,4,2,3,3,2
No,51,Female,21,7,1,3,4,13734,18,6,0,4,3,2,3,3
No,52,Male,34,18,11,1,5,19999,14,5,1,3,2,3,1,3
No,27,Female,7,7,0,9,1,2279,16,2,0,4,3,2,4,2
Yes,35,Male,8,0,0,23,2,5916,13,1,0,2,2,3,1,3
No,43,Male,7,4,2,7,1,2089,14,3,3,4,4,4,4,4
No,45,Male,22,8,11,2,4,16792,23,1,1,1,2,4,4,3
No,37,Male,8,7,1,21,1,3564,12,3,1,2,4,1,1,2
No,35,Female,10,2,1,2,2,4425,11,5,0,2,3,2,4,3
No,42,Female,11,3,0,21,2,5265,16,5,1,3,3,3,2,3
No,38,Male,14,0,0,2,2,6553,14,3,0,4,3,3,2,3
No,38,Male,9,7,1,29,2,6261,18,3,1,4,3,4,1,1
No,27,Male,6,2,2,1,2,4298,19,1,1,3,2,1,3,3
No,49,Male,7,7,1,18,2,6804,15,0,2,4,3,4,1,3
No,34,Male,5,3,2,10,1,3815,17,4,1,4,3,3,4,4
No,40,Male,15,2,3,19,2,2741,15,2,1,3,3,4,3,4
Yes,38,Male,17,0,0,29,2,6673,19,2,0,2,3,1,2,3
Yes,29,Female,10,4,1,27,3,7639,22,3,3,2,3,4,4,2
No,22,Male,4,2,2,5,1,2328,16,2,1,4,4,2,1,2
No,36,Female,8,1,1,18,1,2153,13,2,0,2,3,4,1,3
No,40,Male,5,2,0,9,2,4876,14,5,1,4,2,4,4,1
No,46,Male,17,2,0,1,3,9396,16,3,1,4,3,1,3,3
Yes,32,Male,14,8,9,4,3,10400,11,2,0,4,1,4,3,2
No,30,Male,12,8,5,1,3,8474,22,2,0,3,2,3,3,3
No,27,Female,7,7,0,20,2,9981,14,2,0,4,3,3,4,3
No,51,Male,16,9,4,8,3,12490,16,5,2,2,2,2,4,1
Yes,30,Female,8,2,0,3,1,2657,11,5,0,4,3,1,3,3
No,41,Female,16,0,0,6,3,13591,18,3,0,4,3,4,3,3
Yes,30,Female,9,3,0,26,2,6696,15,5,0,3,2,1,3,2
Yes,29,Male,7,2,1,1,1,2058,14,1,0,3,3,3,4,2
No,45,Female,23,7,12,6,3,8865,12,2,0,4,2,4,4,3
No,54,Female,16,2,0,3,2,5940,14,4,1,4,3,1,4,3
No,36,Male,16,11,3,5,2,5914,16,3,0,4,3,2,4,4
No,33,Female,7,2,1,4,1,2622,21,3,0,3,2,2,4,3
No,37,Male,10,8,0,11,3,12185,14,1,3,2,3,4,3,3
No,38,Male,17,10,5,3,3,10609,12,6,2,1,3,3,3,2
No,31,Male,6,4,1,1,2,4345,12,2,1,3,1,3,4,3
No,59,Male,7,0,0,3,1,2177,17,6,1,3,2,4,1,3
No,37,Male,13,8,5,4,1,2793,17,2,1,1,3,4,3,3
No,29,Female,11,10,4,1,3,7918,14,5,1,2,3,4,4,3
No,35,Female,10,7,0,1,3,8789,14,3,0,3,3,3,1,4
Yes,29,Male,4,3,0,18,1,2389,13,3,0,3,2,4,3,2
No,52,Female,6,2,2,2,1,3212,15,3,0,3,2,4,2,2
No,42,Male,22,17,11,4,5,19232,11,3,0,3,3,4,4,3
No,59,Male,7,2,2,6,1,2267,17,2,0,2,3,3,4,2
No,50,Female,32,0,0,1,5,19517,11,3,1,4,3,4,3,2
Yes,33,Male,8,4,0,14,1,2436,13,2,1,3,3,4,3,1
No,43,Female,22,13,1,16,4,16064,22,3,1,4,3,4,3,3
Yes,33,Female,13,7,1,2,1,2707,20,3,0,1,3,1,1,4
No,52,Male,33,7,15,2,5,19068,18,2,0,1,2,3,4,4
No,32,Female,6,3,1,4,1,3931,11,5,1,3,3,2,1,3
Yes,32,Male,4,2,1,1,1,3730,14,2,0,4,2,3,4,1
No,39,Female,7,2,1,1,1,2232,14,1,3,3,3,3,3,3
No,32,Male,4,2,2,26,2,4465,18,2,0,3,3,4,1,3
No,41,Male,17,0,0,19,2,3072,16,2,2,3,3,1,1,2
No,40,Male,9,8,4,24,2,3319,17,3,2,1,3,4,1,3
No,45,Male,25,0,1,1,5,19202,11,2,1,3,4,4,3,3
No,31,Male,9,2,2,3,3,13675,12,3,1,2,3,3,1,3
No,33,Female,2,2,0,5,1,2911,13,2,1,3,2,4,3,2
No,34,Male,13,9,5,2,2,5957,13,3,1,4,2,1,2,3
No,37,Female,17,1,0,1,1,3920,14,2,1,3,2,1,1,2
No,45,Male,9,2,0,7,2,6434,17,1,1,1,4,3,4,3
Yes,37,Male,17,0,0,10,3,10048,11,5,2,1,3,3,2,3
No,39,Female,20,6,11,2,3,10938,25,1,0,3,3,3,4,3
No,29,Male,6,5,1,15,1,2340,19,1,0,3,3,4,1,3
No,42,Female,10,2,0,17,2,6545,13,1,0,4,4,1,3,3
No,29,Male,10,2,0,20,2,6931,14,2,1,4,3,4,4,3
No,25,Female,5,2,1,1,2,4898,12,3,2,1,3,3,4,3
No,42,Female,10,6,7,2,1,2593,11,4,1,4,2,1,3,3
No,40,Male,22,7,3,2,5,19436,19,5,1,1,3,3,4,3
No,51,Male,1,0,0,1,1,2723,11,0,0,3,3,4,2,2
Yes,31,Male,6,4,1,29,1,3479,11,2,0,3,2,2,2,4
No,32,Male,5,1,0,7,1,2794,20,3,0,2,4,2,3,1
No,38,Male,13,7,7,2,2,5249,18,0,1,4,2,4,4,3
No,32,Male,9,2,0,2,2,2176,13,5,0,4,2,1,4,3
No,46,Female,28,7,7,2,4,16872,12,2,1,3,1,2,2,2
Yes,28,Male,5,0,0,2,1,3485,11,5,0,1,3,3,3,1
No,29,Male,10,0,0,2,2,6644,19,2,2,1,2,2,2,3
No,31,Male,10,0,7,23,2,5582,21,2,1,2,2,4,2,3
No,25,Male,6,3,1,5,2,4000,12,2,2,2,4,1,4,3
No,45,Male,21,7,4,20,4,13496,14,2,0,3,3,4,2,3
No,36,Male,16,13,10,6,1,3210,11,4,1,4,3,4,3,3
No,55,Male,37,10,4,1,5,19045,14,2,0,4,3,1,3,3
Yes,47,Male,10,7,9,29,3,11849,12,2,1,1,3,2,4,2
No,28,Male,5,2,0,9,1,2070,23,3,1,4,3,4,4,2
No,37,Male,7,4,0,6,2,6502,14,5,1,3,3,4,2,4
No,21,Male,3,2,1,3,1,3230,17,4,0,4,2,3,1,4
No,37,Female,15,2,0,1,3,13603,18,2,2,1,3,4,1,3
No,35,Female,10,7,6,22,3,11996,18,6,1,2,4,2,2,2
No,38,Female,8,0,7,7,2,5605,24,3,1,1,4,1,3,3
No,26,Female,6,5,1,1,2,6397,20,6,1,3,3,2,1,1
No,50,Male,28,4,1,4,5,19144,14,4,2,1,3,2,1,2
No,53,Male,21,3,1,3,4,17584,16,5,3,3,3,3,4,2
No,42,Male,20,16,11,1,2,4907,25,3,0,2,3,3,3,3
No,29,Male,10,7,0,2,2,4554,18,3,0,2,3,4,1,2
No,55,Male,12,7,0,20,2,5415,19,4,1,2,3,4,4,3
No,26,Male,5,3,3,11,2,4741,13,3,1,1,3,1,3,3
No,37,Female,17,12,5,1,1,2115,12,3,0,4,3,4,2,3
Yes,44,Male,19,0,0,24,1,3161,22,0,1,4,3,3,4,1
No,38,Male,10,2,1,23,2,5745,14,2,1,4,3,4,2,3
Yes,26,Male,5,2,0,16,1,2373,13,2,1,1,3,2,4,3
No,28,Female,5,3,0,8,1,3310,21,3,0,4,3,4,4,3
No,49,Female,22,2,1,10,5,18665,11,4,0,3,3,1,4,3
No,36,Male,10,0,7,3,2,4485,12,2,0,3,3,2,4,3
No,31,Female,2,2,2,5,1,2789,11,5,1,4,3,2,3,2
Yes,26,Male,8,7,7,4,2,5828,12,0,0,4,2,4,2,3
No,37,Male,4,2,1,9,1,2326,12,3,3,2,3,4,3,2
No,42,Female,23,4,4,26,4,13525,14,2,1,3,3,2,4,4
Yes,18,Male,0,0,0,3,1,1420,13,2,0,3,3,3,3,3
No,35,Male,12,9,6,16,3,8020,15,3,2,3,3,2,3,2
No,36,Male,4,0,0,18,1,3688,18,2,2,3,4,4,4,3
No,51,Male,13,1,1,2,2,5482,18,3,1,4,1,2,4,3
No,41,Male,22,10,0,2,4,16015,19,2,0,4,3,2,2,3
No,18,Female,0,0,0,10,1,1200,12,2,0,4,2,3,1,3
No,28,Male,9,3,0,16,2,5661,19,2,0,2,4,1,3,3
No,31,Male,10,7,7,7,2,6929,11,3,1,2,4,4,2,2
No,39,Male,19,10,3,1,3,9613,17,5,3,3,4,4,1,2
No,36,Female,11,8,0,24,2,5674,15,3,1,2,3,2,3,3
No,32,Male,13,8,4,7,2,5484,14,3,1,4,2,3,3,2
No,38,Female,19,8,0,25,3,12061,17,2,1,1,2,2,3,3
No,58,Male,12,3,1,1,2,5660,13,2,1,4,1,3,4,3
No,31,Male,6,2,0,5,1,4821,12,4,1,3,3,4,3,3
No,31,Male,9,2,1,2,2,6410,12,1,0,1,2,1,4,3
No,45,Male,24,9,9,7,3,5210,18,2,1,1,3,1,1,3
No,31,Male,3,2,2,2,1,2695,18,2,1,3,3,4,2,1
No,33,Female,12,6,8,5,3,11878,11,2,2,4,3,2,2,3
No,39,Male,21,9,11,10,4,17068,14,3,0,3,3,1,4,3
No,43,Female,9,7,1,10,1,2455,19,5,0,3,3,4,1,3
No,49,Female,25,1,0,1,4,13964,12,2,0,3,2,3,4,3
Yes,52,Male,11,2,7,8,2,4941,15,3,0,3,2,2,1,2
No,27,Female,4,3,1,5,1,2478,12,2,0,3,3,2,2,2
No,32,Female,13,12,11,8,2,5228,11,2,0,3,2,2,4,3
No,27,Male,5,4,0,2,2,4478,11,3,0,4,3,3,1,3
No,31,Male,13,7,1,7,2,7547,12,3,3,4,3,4,4,3
No,32,Female,10,7,0,2,2,5055,16,0,0,1,4,4,3,2
Yes,28,Male,5,2,2,2,1,3464,13,4,0,1,1,4,4,2
No,30,Female,11,8,1,28,2,5775,13,2,2,4,3,4,4,3
No,31,Female,10,9,8,7,3,8943,24,2,1,3,2,3,1,3
No,39,Male,21,9,13,7,5,19272,15,2,1,3,2,4,1,3
Yes,39,Female,12,0,0,3,2,5238,18,3,0,4,3,3,1,2
No,33,Male,9,7,0,10,2,4682,14,6,0,2,2,4,3,2
No,47,Male,21,2,1,5,5,18300,11,2,1,4,3,3,2,3
No,43,Female,9,7,0,10,2,5257,11,3,1,3,2,3,2,4
No,27,Male,6,4,1,1,2,6349,13,0,1,3,3,2,4,3
No,54,Female,20,3,0,20,2,4869,12,4,0,4,3,3,4,2
No,43,Female,10,0,0,7,3,9985,16,1,1,3,3,1,1,2
No,45,Male,12,9,9,8,2,3697,14,3,2,4,3,4,1,3
No,40,Male,6,3,0,1,2,7457,22,2,3,2,1,4,3,2
Yes,29,Male,7,7,0,8,1,2119,11,4,0,2,1,1,4,2
No,29,Male,4,2,2,9,1,3983,17,2,0,2,2,4,3,3
No,30,Female,10,9,1,5,2,6118,13,2,3,4,2,3,3,3
No,27,Female,8,7,0,8,2,6214,18,3,1,2,3,2,1,3
No,37,Male,8,2,0,5,2,6347,16,2,2,4,3,4,3,2
No,38,Male,12,10,2,15,3,11510,14,3,1,3,2,4,2,3
No,31,Female,11,9,4,7,3,7143,14,2,0,3,3,4,3,2
No,29,Female,7,7,1,10,2,8268,14,2,2,4,2,2,1,3
No,35,Male,17,6,0,5,3,8095,13,5,0,3,3,2,4,3
No,23,Male,4,2,0,26,1,2904,12,2,2,3,3,4,3,2
No,41,Male,8,4,1,6,2,6032,15,3,0,4,2,2,4,3
No,47,Male,5,0,0,4,2,2976,19,3,0,2,3,3,1,3
No,42,Female,16,0,0,23,4,15992,14,2,0,1,3,4,2,3
No,29,Male,4,3,0,2,2,4649,14,3,1,4,3,3,1,2
No,42,Male,4,2,1,2,1,2696,11,5,1,3,3,3,3,3
No,32,Female,8,0,0,2,1,2370,13,4,1,3,3,2,3,3
No,48,Female,15,0,0,29,3,12504,21,3,1,1,3,3,2,1
No,37,Male,13,7,6,6,2,5974,13,2,2,3,4,1,1,3
No,30,Female,4,2,2,25,2,4736,12,2,1,4,3,3,2,4
No,26,Male,8,7,7,1,2,5296,17,3,1,3,3,3,2,3
No,42,Male,14,0,0,2,2,6781,23,6,0,1,2,4,2,3
Yes,21,Female,3,2,1,1,1,2174,11,3,0,1,2,2,3,3
No,36,Female,7,0,0,1,2,6653,15,6,0,4,3,4,2,3
No,36,Male,16,9,1,3,3,9699,11,2,1,1,2,4,1,3
No,57,Male,15,2,1,1,2,6755,11,2,0,4,3,3,3,3
No,40,Female,10,7,1,10,1,2213,13,3,1,4,4,3,3,3
No,21,Male,3,2,2,9,1,2610,24,3,0,1,3,4,3,2
Yes,33,Female,1,0,0,5,1,2851,13,2,0,4,3,3,2,3
No,37,Female,17,4,0,10,1,3452,20,3,1,3,3,1,2,3
No,46,Female,7,0,0,7,2,5258,14,2,0,3,3,3,3,4
Yes,41,Male,8,7,7,4,2,9355,18,5,0,1,3,2,3,3
No,50,Male,20,3,1,10,3,10496,15,2,0,4,2,4,4,3
Yes,40,Male,8,4,1,22,2,6380,12,6,2,3,2,3,1,3
No,31,Male,3,2,2,9,1,2657,16,5,0,3,2,2,4,3
Yes,21,Female,1,0,0,12,1,2716,15,0,0,3,4,2,4,3
No,29,Male,6,2,1,23,1,2201,16,4,0,4,3,4,4,3
No,35,Male,10,1,0,9,2,6540,19,5,0,3,2,2,3,3
No,27,Male,5,2,0,1,1,3816,11,2,1,4,3,2,2,3
No,28,Male,7,5,0,9,2,5253,16,1,0,2,3,4,4,3
No,49,Male,26,2,0,7,3,10965,24,2,0,2,2,3,3,3
No,51,Female,18,7,0,14,2,4936,11,2,1,3,3,4,3,2
No,36,Female,6,2,2,2,1,2543,13,3,1,4,3,3,2,3
Yes,34,Male,9,2,0,19,2,5304,13,3,0,1,4,4,2,2
No,55,Female,30,4,1,2,4,16659,13,2,0,3,3,4,3,3
No,24,Female,5,2,0,10,2,4260,12,2,1,4,3,3,4,4
No,30,Male,1,0,0,2,1,2476,18,3,1,3,3,2,1,3
Yes,26,Male,7,4,0,3,1,3102,22,2,0,3,3,1,3,3
No,22,Female,2,1,1,11,1,2244,13,1,1,1,3,2,4,3
No,36,Male,10,9,9,2,3,7596,13,2,2,2,2,3,2,3
Yes,30,Male,3,0,0,4,1,2285,23,4,0,3,3,4,3,3
No,37,Female,18,7,12,14,1,3034,12,2,1,4,3,1,3,2
No,40,Female,8,4,1,2,2,5715,12,5,2,4,3,2,3,3
No,42,Female,8,2,1,1,1,2576,16,5,1,2,3,1,2,3
No,37,Male,18,0,0,10,2,4197,12,2,0,3,3,2,4,2
No,43,Male,25,10,3,12,4,14336,11,3,1,1,2,2,3,3
No,40,Female,20,0,0,2,2,3448,22,3,1,2,2,3,2,3
No,54,Male,24,2,1,5,5,19406,11,4,1,1,3,1,3,2
No,34,Female,6,2,1,4,2,6538,15,3,1,3,3,3,1,3
No,31,Female,13,10,3,7,2,4306,12,5,1,2,3,1,2,1
No,43,Male,8,2,1,21,1,2258,20,1,1,4,3,4,1,3
No,43,Female,8,2,0,8,2,4522,14,3,0,3,3,3,4,3
No,25,Female,5,4,1,4,2,4487,11,3,0,2,2,4,2,3
No,37,Female,15,11,10,25,2,4449,15,2,2,2,3,3,1,3
No,31,Male,4,2,3,1,1,2218,12,3,1,4,2,1,3,3
No,39,Male,21,8,1,1,5,19197,14,3,1,2,3,3,3,3
No,56,Female,36,7,7,6,4,13212,11,0,3,3,4,1,4,2
No,30,Female,6,4,4,12,2,6577,11,6,0,2,3,3,2,3
No,41,Male,10,7,0,1,3,8392,16,2,1,2,4,1,3,3
No,28,Male,10,0,1,17,2,4558,12,2,1,3,3,1,4,3
Yes,25,Male,6,2,0,3,1,4031,13,5,1,1,3,1,3,3
No,52,Male,28,4,0,3,3,7969,14,4,0,4,2,3,3,3
No,45,Male,8,2,0,10,1,2654,21,3,2,1,3,4,4,2
No,52,Female,31,2,1,4,4,16555,13,2,0,4,3,4,4,1
No,42,Female,19,4,0,29,2,4556,11,3,1,1,3,3,2,3
No,30,Female,11,4,0,2,2,6091,20,2,0,3,1,4,3,3
No,60,Female,33,8,11,7,5,19566,11,5,0,1,3,1,4,1
No,46,Female,19,7,0,18,2,4810,14,5,1,3,3,3,3,2
No,42,Female,7,5,0,28,2,4523,11,4,3,4,2,4,4,4
Yes,24,Female,6,3,1,1,1,3202,16,4,0,1,3,2,2,3
Yes,34,Female,3,2,1,6,1,2351,16,3,1,4,1,3,4,2
No,38,Male,1,0,0,2,1,1702,23,3,1,4,3,4,3,3
No,40,Female,21,15,1,2,5,18041,14,2,0,3,3,3,4,3
No,26,Female,3,2,0,23,1,2886,22,3,2,1,3,4,2,1
No,30,Male,9,3,1,3,1,2097,15,3,1,3,3,4,3,1
No,29,Male,10,2,0,3,3,11935,18,2,0,2,2,3,3,3
Yes,29,Female,6,2,1,25,1,2546,16,2,0,3,2,2,2,4
Yes,19,Male,1,0,0,2,1,2564,12,3,0,1,2,4,3,4
No,30,Female,10,8,7,22,3,8412,11,3,0,3,3,1,3,3
No,57,Male,32,0,0,29,4,14118,12,3,1,1,2,4,3,2
No,50,Male,28,10,15,29,4,17046,15,2,1,2,2,3,2,3
No,30,Female,12,7,6,2,1,2564,14,2,0,3,3,4,3,2
No,60,Female,22,13,13,28,3,10266,19,5,0,3,2,1,4,4
No,47,Female,20,0,0,2,2,5070,13,2,3,1,3,4,3,3
No,46,Male,26,2,0,2,4,17861,13,2,0,1,3,3,3,1
No,35,Male,6,4,4,22,1,4230,15,2,0,4,1,3,3,3
No,54,Female,19,0,0,8,2,3780,11,3,0,3,3,3,3,3
No,34,Male,14,3,5,2,1,2768,12,3,1,4,2,3,3,3
No,46,Female,15,2,1,10,3,9071,19,3,1,3,2,4,3,3
No,31,Male,13,8,0,9,3,10648,25,6,1,3,3,2,4,4
Yes,33,Male,15,6,7,15,3,13610,12,2,0,2,3,3,4,4
Yes,33,Male,8,3,1,10,1,3408,13,2,3,1,1,4,1,3
No,30,Male,4,2,1,7,1,2983,14,3,0,4,3,2,1,3
No,35,Male,10,7,0,16,3,7632,12,2,0,4,3,3,3,3
Yes,31,Male,12,0,0,20,3,9824,12,2,0,1,3,3,1,3
Yes,34,Female,11,2,0,23,3,9950,15,2,3,2,3,1,3,3
No,42,Male,8,2,2,5,1,2093,17,4,1,2,3,3,4,3
No,36,Male,10,3,9,10,3,9980,14,3,0,2,3,4,4,2
Yes,22,Male,4,2,1,4,1,3894,16,3,0,3,2,3,3,3
No,48,Female,14,7,6,2,2,4051,14,2,1,2,3,4,1,3
No,55,Female,37,9,7,18,4,16835,23,2,0,1,3,2,4,3
No,41,Male,16,3,1,10,2,6230,14,3,0,4,3,4,4,3
No,35,Male,15,9,6,1,2,4717,11,2,0,2,3,3,3,3
No,40,Female,22,6,5,6,4,13237,15,3,0,2,3,3,3,3
No,39,Female,8,3,0,8,1,3755,11,3,1,3,3,3,1,3
No,31,Male,10,5,0,2,2,6582,13,2,0,2,3,4,3,4
No,42,Male,10,9,5,24,3,7406,21,5,1,4,3,1,4,2
No,45,Male,9,7,3,2,2,4805,19,3,1,4,3,2,2,4
Yes,26,Female,8,7,1,17,1,2741,11,2,1,2,3,3,2,2
No,29,Male,8,2,1,19,2,4262,12,2,2,4,3,4,2,4
No,33,Female,10,1,0,1,4,16184,19,2,1,1,4,3,3,3
No,31,Male,10,4,0,7,3,11557,21,3,1,3,2,4,3,2
Yes,18,Male,0,0,0,5,1,1878,14,3,0,2,3,2,4,3
No,40,Male,20,0,0,28,3,10932,15,2,1,3,1,1,3,3
No,41,Female,10,7,0,2,2,6811,17,3,0,1,2,3,1,3
No,26,Male,8,0,0,29,2,4306,12,5,2,1,3,3,1,3
No,35,Female,5,4,0,1,2,4859,16,3,0,1,3,3,4,3
No,34,Male,10,7,5,21,2,5337,12,3,0,4,4,4,4,3
Yes,26,Male,1,0,0,24,1,2340,18,3,0,3,1,4,2,1
No,37,Female,12,5,1,1,3,7491,17,3,0,2,3,4,4,4
No,46,Female,28,2,1,18,3,10527,11,3,0,1,3,3,4,2
No,41,Female,22,16,11,2,4,16595,16,2,1,2,3,1,2,3
No,37,Male,9,5,7,9,3,8834,13,6,1,1,3,2,4,3
No,52,Male,18,9,6,6,2,5577,12,3,2,4,3,1,2,3
Yes,32,Male,6,2,1,11,2,4707,12,2,0,4,4,3,4,3
No,24,Male,3,2,2,24,1,2400,13,3,2,4,3,4,3,3
No,38,Female,18,0,0,10,2,9824,19,4,1,3,3,3,3,3
No,37,Female,8,5,4,1,2,6447,12,2,1,2,3,2,2,2
No,49,Male,31,9,0,18,5,19502,17,5,1,4,2,3,3,3
No,24,Male,6,5,1,23,1,2725,11,3,2,2,4,4,2,3
No,26,Male,6,3,1,28,2,6272,20,5,2,1,3,2,4,4
No,24,Male,1,0,0,17,1,2127,21,2,1,4,2,2,4,3
No,50,Male,32,5,10,3,5,18200,11,2,1,1,3,2,3,3
No,25,Male,7,4,0,13,1,2096,11,1,0,2,3,3,3,3
Yes,24,Female,6,3,1,7,1,2886,16,4,1,1,3,3,4,3
Yes,30,Male,1,0,0,12,1,2033,18,2,1,2,2,1,3,4
No,34,Male,6,5,1,1,1,3622,13,3,1,2,2,4,4,3
Yes,31,Male,9,1,1,13,2,4233,17,2,0,2,3,1,3,1
No,35,Male,9,2,0,25,2,3681,14,3,0,1,2,4,4,3
No,31,Male,13,7,5,6,2,5460,22,4,2,1,4,4,4,4
No,27,Female,6,3,0,6,1,2187,12,5,2,1,2,3,3,2
No,37,Male,17,0,1,2,2,9602,11,3,1,4,3,3,3,2
No,20,Female,1,0,0,1,1,2836,13,0,0,4,2,2,4,4
No,42,Female,10,2,2,2,2,4089,13,4,2,3,3,4,2,3
No,43,Male,21,0,0,6,4,16627,14,3,1,2,2,4,3,2
No,38,Female,8,0,0,1,1,2619,17,3,0,3,3,1,4,2
No,43,Male,10,7,4,9,2,5679,13,3,1,4,3,3,2,3
No,48,Female,21,2,0,1,4,15402,11,3,1,4,2,1,1,1
No,44,Female,10,2,0,1,2,5985,11,1,0,1,2,3,2,4
No,34,Female,8,2,0,14,1,2579,18,3,2,3,3,3,4,3
Yes,27,Male,5,3,0,2,1,3041,11,3,1,3,3,1,2,3
No,21,Male,3,2,1,22,1,3447,11,2,0,3,3,3,3,3
No,44,Male,26,2,0,3,5,19513,12,2,1,4,3,4,1,4
No,22,Male,3,2,2,6,1,2773,20,3,0,1,3,3,4,3
No,33,Male,6,0,1,8,2,7104,12,3,0,3,3,3,4,3
No,32,Female,6,4,0,9,2,6322,12,2,1,1,3,4,4,2
No,30,Female,1,0,0,3,1,2083,20,2,1,3,3,3,3,3
No,53,Female,18,7,8,1,2,8381,20,2,0,4,3,1,4,4
No,34,Male,10,9,8,1,1,2691,12,4,1,2,3,4,4,2
Yes,45,Female,5,1,0,26,2,4286,14,4,2,1,3,1,4,3
No,26,Female,3,2,0,6,1,2659,13,2,1,3,3,4,3,3
No,37,Male,10,7,7,3,3,9434,15,2,1,3,3,3,3,3
No,29,Female,6,0,1,3,2,5561,14,5,1,2,3,3,1,2
No,35,Male,17,11,11,6,2,6646,13,3,0,2,1,4,2,3
No,33,Male,15,11,4,6,2,7725,23,2,1,3,3,4,3,1
No,54,Male,16,7,7,19,3,10725,15,1,1,3,3,2,3,4
No,36,Male,13,2,0,9,2,8847,11,2,1,2,2,2,3,3
No,27,Male,5,2,1,3,1,2045,13,0,0,1,2,4,4,3
Yes,20,Male,1,0,1,10,1,1009,11,5,0,4,3,3,4,3
Yes,33,Male,10,8,9,3,1,3348,11,3,0,1,3,1,1,3
No,35,Male,1,0,0,3,1,1281,18,3,2,3,2,3,3,3
No,23,Male,5,2,0,4,1,2819,16,3,1,1,4,1,1,4
No,25,Male,4,2,1,8,2,4851,22,4,1,4,4,2,3,3
No,38,Female,8,7,0,7,2,4028,20,2,0,4,2,4,1,3
No,29,Male,10,7,2,1,1,2720,18,5,1,2,1,4,4,3
No,48,Male,12,2,2,2,2,8120,12,3,0,2,4,2,4,3
No,27,Female,6,5,0,3,2,4647,20,3,2,4,4,4,2,3
No,37,Male,4,0,0,10,1,4680,17,2,0,4,4,4,1,3
No,50,Male,20,8,3,28,1,3221,11,3,3,4,4,3,3,3
No,34,Female,9,7,7,9,3,8621,14,3,0,4,2,2,2,4
Yes,24,Female,4,2,2,3,2,4577,14,3,0,1,3,3,1,3
No,39,Female,20,7,11,2,2,4553,11,4,0,4,2,3,1,3
No,32,Male,10,7,0,10,2,5396,12,2,0,4,3,4,4,2
Yes,50,Male,18,3,1,8,2,6796,14,4,1,2,3,3,1,3
No,38,Female,10,7,1,1,2,7625,13,4,0,2,4,4,3,2
No,27,Female,9,7,0,1,3,7412,11,3,0,3,3,1,4,3
No,32,Female,10,7,7,3,3,11159,15,6,0,3,3,4,4,3
No,47,Male,20,7,1,14,2,4960,12,2,0,4,3,1,4,3
No,40,Male,20,13,1,5,3,10475,21,2,1,4,2,1,3,3
No,53,Male,32,1,1,7,4,14814,19,3,0,3,4,3,3,3
No,41,Male,23,6,12,10,5,19141,15,2,3,2,2,4,2,2
No,60,Male,10,2,2,16,2,5405,14,1,0,1,3,1,4,3
No,27,Male,9,7,1,10,3,8793,21,4,2,4,3,1,3,2
No,41,Male,22,7,2,1,5,19189,12,3,1,4,2,3,2,3
No,50,Male,4,2,2,8,1,3875,15,2,1,4,3,2,4,3
Yes,28,Female,10,7,3,1,1,2216,13,4,0,1,1,2,4,3
No,36,Female,10,7,0,8,3,11713,14,2,1,1,4,1,1,3
No,38,Female,10,0,0,1,3,7861,14,4,0,3,3,3,4,4
No,44,Male,9,2,1,24,1,3708,14,5,0,1,1,3,3,3
No,47,Female,28,2,11,3,4,13770,12,2,2,4,3,3,4,2
No,30,Male,10,7,7,27,2,5304,23,2,1,3,3,4,4,2
No,29,Male,1,0,0,10,1,2642,11,6,0,3,3,3,3,3
Yes,42,Male,7,2,2,19,1,2759,12,2,0,3,4,3,4,3
No,43,Male,7,2,2,15,2,6804,18,5,1,4,2,4,3,3
No,34,Female,10,1,4,8,2,6142,11,2,0,2,3,3,4,3
No,23,Male,5,3,0,9,1,2500,14,2,1,2,3,1,4,4
No,39,Female,12,3,3,3,2,6389,15,3,1,3,4,2,3,1
No,56,Male,30,7,1,9,4,11103,11,1,0,3,3,4,3,2
No,40,Female,5,2,2,2,1,2342,20,2,0,4,2,4,4,2
No,27,Female,9,6,0,7,2,6811,19,2,0,4,2,1,1,1
No,29,Male,2,2,2,10,1,2297,14,2,2,4,3,2,4,3
No,53,Male,19,2,2,6,2,2450,17,4,0,4,3,4,4,3
No,35,Female,16,0,0,2,2,5093,11,2,1,4,3,1,1,4
No,32,Male,10,8,4,24,2,5309,15,2,2,1,3,4,4,3
No,38,Male,6,0,0,2,1,3057,13,0,1,4,3,3,2,1
No,34,Female,7,0,0,8,2,5121,14,3,1,2,3,1,3,3
No,52,Male,34,6,1,3,4,16856,11,3,0,3,2,1,1,4
Yes,33,Male,10,9,7,1,1,2686,13,2,0,4,3,4,3,2
No,25,Female,6,5,1,26,2,6180,23,5,0,3,3,4,2,2
No,45,Male,9,7,3,2,2,6632,13,3,0,2,1,3,1,3
No,23,Male,2,2,0,10,1,3505,18,3,0,1,4,3,4,3
Yes,47,Female,8,4,1,27,2,6397,12,2,0,2,4,3,4,3
No,34,Male,6,5,1,2,2,6274,22,5,0,4,3,4,3,3
Yes,55,Male,24,2,1,2,5,19859,13,2,1,4,3,1,4,3
No,36,Male,10,7,0,8,3,7587,15,1,0,1,2,1,2,3
No,52,Male,5,3,1,19,1,4258,18,3,1,4,3,4,1,3
No,26,Female,5,2,2,1,1,4364,14,2,1,1,1,4,1,3
No,29,Female,11,7,1,27,2,4335,12,3,1,2,3,3,1,2
Yes,26,Male,6,3,1,8,2,5326,17,2,0,4,2,1,3,2
No,34,Female,10,2,1,1,1,3280,16,2,0,2,4,4,3,3
No,54,Female,9,3,1,19,2,5485,11,4,2,4,3,1,2,3
No,27,Male,5,2,1,8,2,4342,19,3,1,3,3,4,2,3
No,37,Female,6,3,4,10,1,2782,13,3,2,4,3,1,2,2
No,38,Female,17,7,4,2,2,5980,12,2,0,1,4,1,4,3
No,34,Female,6,5,1,2,1,4381,11,3,0,3,2,1,3,3
No,35,Female,3,2,0,8,1,2572,16,1,1,1,3,4,2,2
No,30,Male,7,2,0,1,1,3833,21,2,2,4,1,3,3,3
No,40,Female,8,7,3,2,2,4244,24,2,1,3,4,2,4,3
No,34,Female,6,2,1,8,2,6500,17,1,1,3,3,1,2,3
No,42,Male,24,7,14,8,5,18430,13,4,1,2,3,4,2,2
Yes,23,Male,1,0,0,6,1,1601,21,2,2,3,4,1,3,3
No,24,Male,1,0,0,9,1,2694,11,4,3,3,2,2,3,3
No,52,Female,9,2,1,11,2,3149,20,3,1,4,3,3,2,3
No,50,Male,30,3,0,2,4,17639,16,3,0,3,3,3,4,3
Yes,29,Female,1,0,0,1,1,2319,11,1,1,2,2,1,4,3
No,33,Male,14,9,3,7,3,11691,11,3,0,3,3,3,4,4
Yes,33,Female,6,2,0,16,2,5324,15,3,0,1,3,1,3,3
No,47,Female,26,14,3,2,4,16752,11,3,1,3,3,4,3,2
No,36,Female,10,7,0,1,2,5228,15,2,1,3,3,2,1,3
No,29,Male,10,7,0,23,1,2700,24,3,1,3,4,3,3,3
Yes,58,Male,40,15,13,2,5,19246,12,2,0,4,3,2,4,3
No,35,Female,7,2,2,1,1,2506,13,0,0,4,4,3,3,3
No,42,Female,8,3,0,1,2,6062,13,4,1,4,2,4,4,3
Yes,28,Male,5,2,2,2,1,4382,17,3,0,3,3,3,4,2
No,36,Male,8,2,0,13,1,2143,13,2,1,3,3,2,2,3
No,32,Female,14,13,6,4,2,6162,12,3,1,3,2,3,3,3
No,40,Male,10,0,0,16,2,5094,14,6,0,1,2,3,4,3
No,30,Female,12,0,0,2,2,6877,24,4,0,3,2,4,2,2
No,45,Female,1,0,0,2,1,2274,14,3,0,2,2,3,4,3
No,42,Male,10,8,7,29,2,4434,13,3,1,2,3,2,4,2
No,38,Male,13,3,1,12,2,6288,15,3,1,1,2,1,3,2
No,34,Female,6,2,1,16,1,2553,16,3,0,3,2,4,3,3
Yes,49,Female,9,8,7,11,3,7654,18,3,2,3,3,4,1,4
Yes,55,Male,12,7,7,2,2,5160,16,3,0,3,3,4,3,2
No,43,Male,22,1,1,14,4,17159,24,3,1,2,3,1,3,3
No,27,Male,9,8,0,5,3,12808,16,3,1,3,2,4,2,3
No,35,Male,17,5,1,7,3,10221,21,3,0,3,3,3,2,4
No,28,Female,8,7,7,2,2,4779,20,2,0,2,3,2,1,3
No,34,Male,4,2,0,3,1,3737,19,1,1,3,3,4,3,1
Yes,26,Female,8,7,1,5,1,2366,14,2,1,3,2,3,1,3
No,27,Male,0,0,0,3,1,1706,11,6,3,4,3,4,3,2
No,51,Female,29,6,4,26,4,16307,14,2,1,1,3,3,3,2
No,44,Male,10,2,2,4,2,5933,12,2,0,4,3,2,4,2
No,25,Male,6,3,0,2,1,3424,13,3,0,1,4,1,3,2
No,33,Male,9,8,0,1,2,4037,22,5,1,1,4,1,1,3
No,35,Female,6,5,1,27,1,2559,11,3,0,3,2,1,4,2
No,36,Male,18,14,4,1,2,6201,14,1,1,2,3,4,4,2
No,32,Male,8,2,0,13,2,4403,11,3,1,2,3,4,3,2
No,30,Male,10,4,0,5,1,3761,12,3,1,2,2,4,2,2
No,53,Female,35,2,0,7,3,10934,18,3,1,1,2,4,4,3
No,45,Male,18,4,0,9,3,10761,12,2,1,4,3,1,3,3
No,32,Female,9,3,1,8,2,5175,12,3,1,3,4,3,3,2
No,52,Female,31,8,0,25,4,13826,22,3,0,3,2,4,3,3
No,37,Male,9,0,0,16,2,6334,19,2,2,4,2,3,4,3
No,28,Male,6,1,0,8,1,4936,13,6,1,2,2,4,4,3
No,22,Male,4,2,2,1,2,4775,22,2,2,4,2,4,1,1
No,44,Male,10,2,0,8,1,2818,24,2,1,1,4,4,3,2
No,42,Male,8,1,2,2,1,2515,14,2,0,2,3,4,4,3
No,36,Male,6,4,0,8,1,2342,21,3,0,1,2,1,3,3
No,25,Male,5,3,0,3,2,4194,18,3,0,3,3,1,4,3
No,35,Female,17,14,5,9,3,10685,20,2,1,4,2,3,2,3
Yes,35,Female,10,2,7,25,1,2022,19,3,1,4,3,2,1,2
No,32,Male,4,0,0,1,1,2314,12,2,1,4,3,4,2,3
No,25,Male,5,2,0,4,2,4256,12,1,0,3,2,1,1,4
No,49,Female,7,2,0,1,1,3580,16,2,1,3,3,1,2,3
No,24,Male,6,2,3,4,1,3162,17,2,0,1,2,4,4,2
No,32,Male,10,8,5,5,2,6524,14,3,1,2,3,2,4,3
No,38,Male,3,2,1,9,1,2899,19,3,1,2,2,2,4,3
No,42,Female,17,3,1,3,2,5231,13,1,1,3,4,4,2,2
No,31,Male,8,4,0,11,1,2356,19,2,1,4,3,4,2,3
Yes,29,Female,5,2,0,1,1,2800,19,3,3,2,2,3,3,3
No,53,Male,28,0,2,8,4,11836,14,3,1,1,3,4,3,3
No,35,Male,16,10,4,25,3,10903,16,2,0,4,2,2,1,3
No,37,Female,10,4,0,21,1,2973,15,3,1,3,3,4,2,3
No,53,Female,33,9,3,23,4,14275,18,0,0,4,3,4,3,3
No,43,Female,12,2,2,1,2,5562,13,2,1,4,3,4,2,2
No,47,Female,8,6,7,2,2,4537,22,2,1,3,3,4,1,3
No,37,Male,10,0,0,19,3,7642,13,2,0,1,3,2,4,3
No,50,Male,31,6,14,2,4,17924,11,3,1,1,3,1,4,3
No,39,Female,13,4,0,2,2,5204,11,2,2,4,2,4,3,3
No,33,Male,7,3,0,3,1,2277,11,4,1,4,3,2,3,4
Yes,32,Male,1,0,0,25,1,2795,24,2,0,1,3,4,3,1
No,29,Female,8,3,0,7,1,2532,14,5,3,1,2,4,3,3
No,44,Male,8,7,7,9,1,2559,13,0,0,2,3,1,4,3
No,28,Male,4,2,0,5,2,4908,14,3,0,1,3,4,2,3
Yes,58,Male,3,0,0,2,1,2380,14,3,1,4,2,4,4,2
No,43,Female,4,0,0,8,2,4765,21,2,1,1,3,2,3,4
Yes,20,Female,2,2,0,2,1,2044,13,3,0,3,2,3,4,2
Yes,21,Female,1,0,0,18,1,2693,19,3,0,4,3,4,1,2
No,36,Male,17,8,4,14,2,6586,17,2,1,3,3,4,1,2
No,47,Female,3,2,1,2,1,3294,18,3,0,4,2,4,1,2
Yes,22,Female,4,2,0,3,2,4171,19,3,1,2,3,3,1,4
Yes,41,Female,10,7,1,2,1,2778,13,1,1,2,1,4,3,2
No,28,Female,6,2,2,9,1,2377,18,2,1,3,3,3,2,3
Yes,39,Male,8,2,2,6,1,2404,21,2,0,4,3,1,4,1
No,27,Female,1,1,0,4,1,2318,19,2,0,2,3,3,3,3
No,34,Male,1,0,1,10,1,2008,14,3,2,2,3,2,2,3
No,42,Female,10,4,0,14,2,6244,17,6,0,3,2,3,1,3
No,33,Male,6,2,0,1,1,2799,11,1,0,3,2,1,2,3
No,58,Female,24,0,0,5,3,10552,13,3,1,3,2,2,4,3
No,31,Male,13,7,5,7,1,2329,15,2,0,2,2,3,2,4
No,35,Female,10,6,0,21,2,4014,25,2,1,4,3,4,4,1
No,49,Female,29,9,1,8,3,7403,11,3,1,1,3,2,3,2
No,48,Male,13,0,0,20,1,2259,17,2,2,4,3,3,1,2
No,31,Female,9,8,0,20,2,6932,13,2,1,4,3,3,4,2
No,36,Male,8,2,0,7,1,4678,18,6,0,2,3,4,3,3
No,38,Female,15,12,5,1,3,13582,13,3,1,4,3,1,2,3
No,32,Female,5,0,0,1,1,2332,20,3,0,3,2,2,3,3
Yes,25,Male,1,0,0,19,1,2413,18,2,3,3,2,2,3,3
No,40,Male,11,0,0,10,3,9705,12,2,1,1,2,2,2,2
No,26,Male,7,7,0,1,2,4294,12,2,0,3,2,1,2,3
No,41,Male,20,13,2,6,1,4721,13,3,0,4,3,1,3,3
No,36,Male,16,8,3,2,1,2519,21,6,0,3,3,3,3,3
Yes,19,Male,1,0,0,21,1,2121,13,3,0,4,2,2,2,4
Yes,20,Male,1,0,0,4,1,2973,19,2,0,1,3,1,2,3
No,31,Female,10,7,8,12,2,5855,11,2,2,4,3,4,3,1
No,40,Male,3,1,0,9,1,3617,14,2,1,4,3,2,4,3
No,32,Female,8,7,6,3,2,6725,12,2,1,3,3,1,3,4
Yes,36,Male,16,7,3,3,3,10325,11,6,1,3,2,4,1,3
No,33,Female,6,0,1,1,2,6949,14,3,0,2,2,4,1,3
Yes,37,Male,17,1,11,1,3,10609,11,2,0,1,2,3,3,1
No,45,Male,9,7,0,4,2,4447,12,5,0,3,3,2,2,2
No,29,Female,3,1,0,20,1,2157,15,5,1,3,3,4,2,3
No,35,Female,5,2,1,18,2,4601,16,3,0,3,3,3,2,3
No,52,Male,26,8,7,1,4,17099,15,2,1,4,3,4,2,2
Yes,58,Male,7,0,0,2,1,2479,24,4,0,4,3,3,1,3
No,53,Male,22,13,15,2,4,14852,13,3,1,3,3,3,3,4
No,30,Male,10,4,7,8,3,7264,11,2,1,3,3,3,1,4
No,38,Female,6,3,1,10,2,5666,13,1,0,3,3,4,2,3
No,35,Male,12,9,0,3,3,7823,13,2,1,4,3,4,2,3
No,39,Male,9,7,0,2,3,7880,18,3,0,1,4,3,4,3
Yes,40,Female,22,0,0,24,4,13194,16,2,0,2,4,2,4,2
No,47,Male,20,10,2,16,2,5067,19,3,0,3,4,3,3,4
No,36,Male,12,7,0,8,2,5079,13,3,2,1,3,4,4,3
Yes,31,Male,4,2,1,9,1,2321,22,0,0,3,2,1,1,3
No,33,Male,10,8,6,17,4,17444,11,2,0,4,3,3,4,3
Yes,29,Female,3,0,0,10,1,2404,20,5,0,4,2,1,3,3
No,33,Female,5,2,0,13,1,3452,18,4,0,2,3,4,1,3
No,45,Female,8,3,0,1,1,2270,14,2,2,4,3,4,4,3
No,50,Male,32,4,1,1,4,17399,22,1,1,4,3,4,3,2
No,33,Female,6,5,1,1,2,5488,13,2,1,3,4,2,1,3
No,41,Male,21,16,0,9,5,19419,17,2,1,1,3,3,2,4
No,27,Female,4,2,2,16,1,2811,14,2,1,3,3,2,2,3
No,45,Male,9,8,0,23,2,3633,15,2,1,4,3,1,3,3
No,47,Female,9,0,0,4,2,4163,17,0,0,4,3,4,3,3
Yes,30,Female,7,2,0,22,1,2132,11,2,0,1,3,3,2,3
No,50,Male,22,11,1,24,4,13973,18,2,1,4,3,3,4,3
No,38,Male,3,1,0,10,1,2684,17,0,1,3,3,3,2,2
No,46,Male,13,7,0,7,3,10845,13,3,1,4,3,3,2,3
No,24,Female,5,2,3,17,2,4377,15,6,2,4,2,3,2,3
Yes,35,Male,5,2,0,14,1,3743,24,2,1,3,2,2,4,1
No,31,Female,4,3,0,1,2,4148,12,1,1,3,3,1,3,3
No,18,Male,0,0,0,5,1,1051,15,2,0,2,3,4,4,3
No,54,Female,22,7,0,17,3,10739,11,2,1,3,3,3,3,3
No,35,Female,16,10,10,25,3,10388,11,3,1,3,3,3,3,2
No,30,Female,9,7,1,8,3,11416,12,4,3,2,4,1,3,2
Yes,20,Female,1,0,0,11,1,2600,15,2,0,4,2,1,1,3
Yes,30,Female,4,2,1,5,1,2422,17,3,0,2,3,2,1,3
No,26,Male,8,7,1,2,2,5472,12,2,0,4,4,4,2,3
No,22,Male,4,3,1,8,1,2451,15,3,1,2,1,1,1,2
No,48,Male,19,2,2,6,2,4240,13,0,0,1,2,3,4,3
No,48,Male,27,11,4,4,3,10999,14,3,0,3,2,3,2,3
No,41,Female,8,2,2,7,2,5003,14,6,0,4,3,3,2,3
No,39,Female,21,6,11,1,4,12742,16,3,1,4,2,4,3,3
No,27,Female,4,2,2,2,2,4227,18,2,1,1,3,4,2,3
No,35,Male,3,2,1,10,1,3917,20,4,1,2,3,4,1,2
No,42,Male,21,0,0,5,5,18303,13,3,0,4,3,3,2,4
No,50,Male,8,0,0,9,1,2380,18,5,0,1,3,4,2,3
No,59,Female,30,3,4,2,4,13726,13,4,0,3,2,4,1,3
Yes,37,Female,15,0,0,11,2,4777,15,2,0,1,1,2,1,1
No,55,Male,17,7,6,18,2,6385,14,3,2,3,3,2,4,3
No,41,Female,21,16,5,7,5,19973,22,3,2,2,1,3,2,3
No,38,Male,19,0,0,3,2,6861,12,1,0,2,3,4,3,3
Yes,26,Male,7,2,2,29,2,4969,18,6,0,2,1,1,4,3
Yes,52,Female,33,14,6,2,5,19845,15,3,1,1,1,4,4,3
No,44,Female,23,11,11,28,4,13320,18,2,1,4,4,4,3,3
No,50,Female,19,7,0,1,2,6347,12,3,1,4,3,3,1,3
Yes,36,Female,18,13,15,16,1,2743,16,1,0,3,4,1,3,3
No,39,Female,21,6,2,22,3,10880,13,2,0,4,3,1,3,3
No,33,Female,3,2,2,8,1,2342,19,2,0,2,2,4,4,2
No,45,Female,26,3,1,11,4,17650,13,4,1,4,3,4,2,4
No,32,Female,10,7,7,29,1,4025,12,2,0,4,3,3,2,3
No,34,Male,16,1,0,1,2,9725,11,2,1,2,4,4,4,2
No,59,Male,14,4,0,1,3,11904,14,1,1,2,3,4,3,1
No,45,Male,6,3,0,24,1,2177,16,3,0,2,3,2,1,3
No,53,Female,30,7,6,2,3,7525,12,2,1,3,2,2,1,3
Yes,36,Male,9,0,0,15,2,4834,14,3,1,1,3,3,2,2
Yes,26,Male,6,2,1,2,1,2042,14,2,1,1,3,1,2,3
No,34,Female,1,1,0,10,1,2220,19,2,1,3,3,3,4,3
No,28,Male,1,0,0,10,1,1052,22,5,0,4,3,2,2,3
No,38,Male,8,2,2,3,1,2821,16,2,1,3,3,3,1,3
No,50,Male,29,1,7,2,5,19237,11,2,1,2,3,3,4,2
No,37,Female,8,3,0,3,2,4107,15,3,0,4,3,2,1,2
No,40,Male,8,7,7,26,2,8396,14,3,1,3,3,1,2,2
No,26,Female,5,3,1,1,1,2007,13,5,2,1,2,3,3,3
No,46,Male,23,2,2,1,5,19627,17,0,2,4,3,4,4,3
No,54,Female,13,4,7,2,3,10686,11,4,1,3,2,3,2,3
No,56,Female,18,4,0,9,1,2942,19,4,1,1,3,3,2,3
No,36,Female,15,8,7,12,3,8858,11,2,0,4,2,4,2,2
No,55,Male,31,7,6,2,4,16756,15,3,0,3,2,1,2,4
No,43,Male,18,0,0,25,3,10798,13,5,1,3,2,4,3,3
Yes,20,Female,2,2,0,9,1,2323,14,3,0,4,3,4,2,3
Yes,21,Female,1,0,1,10,1,1416,13,6,0,3,2,1,1,2
No,46,Female,19,13,1,8,2,4615,23,2,3,4,2,1,1,3
Yes,51,Male,18,0,2,4,1,2461,12,2,3,1,3,3,3,4
Yes,28,Male,10,7,1,24,3,8722,12,2,0,2,2,1,1,2
No,26,Male,6,3,1,1,1,3955,16,2,2,1,2,1,1,3
No,30,Male,7,2,0,20,2,9957,15,1,1,3,3,1,3,2
No,41,Female,10,6,0,7,1,3376,13,3,0,2,4,3,3,3
No,38,Female,20,9,1,17,3,8823,18,4,1,3,2,3,1,2
No,40,Male,14,10,11,20,3,10322,20,6,1,1,3,4,4,3
No,27,Male,3,2,1,8,1,4621,19,4,3,1,1,3,4,3
No,55,Male,23,2,1,2,3,10976,18,4,1,4,3,2,2,3
No,28,Female,10,7,1,10,2,3660,13,4,0,3,3,3,4,4
Yes,44,Male,24,6,3,1,3,10482,14,1,1,2,2,1,4,3
No,33,Male,9,2,1,5,3,7119,15,2,1,4,2,4,3,3
Yes,35,Male,9,7,4,4,3,9582,22,2,0,4,3,1,1,3
Yes,33,Female,14,7,3,29,2,4508,22,4,0,1,2,3,2,3
No,28,Male,4,2,2,15,1,2207,16,5,1,1,3,3,4,2
No,34,Male,7,2,0,3,2,7756,17,1,0,1,3,4,3,2
No,37,Female,8,0,0,10,2,6694,14,5,3,4,2,4,3,3
Yes,25,Male,7,7,5,4,1,3691,15,3,1,4,3,4,2,4
Yes,26,Male,1,1,0,21,1,2377,20,0,1,1,3,3,3,2
Yes,33,Male,5,2,2,25,1,2313,20,0,0,1,2,2,2,3
No,42,Male,23,6,13,2,4,17665,17,3,1,4,3,1,4,3
Yes,28,Male,1,0,0,1,1,2596,15,2,2,1,2,2,1,3
Yes,50,Male,5,0,0,1,2,4728,14,4,0,4,3,3,4,3
No,33,Female,4,2,0,7,2,4302,17,3,1,4,3,2,3,3
No,34,Male,6,0,0,3,1,2979,17,2,3,3,2,4,4,3
No,48,Male,27,4,2,1,4,16885,22,3,0,1,4,4,3,2
No,45,Female,15,10,4,9,2,5593,13,2,1,2,2,3,4,3
No,52,Male,18,6,4,7,3,10445,19,4,0,2,3,2,4,3
No,38,Male,9,7,2,10,3,8740,14,2,2,3,2,3,2,3
No,29,Female,11,5,1,28,1,2514,22,1,1,3,3,4,1,3
No,28,Female,10,7,1,3,3,7655,17,3,3,4,3,2,2,2
No,46,Male,23,9,4,3,4,17465,12,3,1,1,3,3,4,3
No,38,Male,10,0,0,2,3,7351,16,2,0,4,3,2,3,3
No,43,Female,18,7,0,27,3,10820,11,1,1,3,3,1,3,3
Yes,39,Male,21,7,11,2,4,12169,11,4,3,1,3,4,4,3
No,40,Male,21,7,4,14,5,19626,14,2,0,3,2,3,1,4
No,21,Female,2,2,2,1,1,2070,11,6,0,4,2,2,3,4
No,39,Male,9,4,0,9,2,6782,15,2,0,3,3,2,3,2
No,36,Male,18,9,0,18,2,7779,20,0,0,1,3,4,1,3
No,31,Male,3,2,2,20,1,2791,12,4,1,3,4,4,1,3
No,28,Male,6,3,0,2,1,3201,17,2,0,1,2,2,1,1
No,35,Male,5,2,0,11,2,4968,11,3,1,4,3,4,4,3
No,49,Male,22,8,2,8,4,13120,17,3,1,4,2,2,2,3
No,34,Male,5,2,0,2,2,4033,11,3,0,4,3,3,4,2
No,29,Female,8,5,1,10,1,3291,14,2,2,4,3,2,4,2
No,42,Male,16,0,0,29,2,4272,19,3,0,2,1,4,1,3
No,29,Male,10,7,1,8,2,5056,15,2,1,2,2,4,3,2
No,38,Male,7,6,5,1,1,2844,13,2,1,3,4,3,4,4
No,28,Male,3,1,0,6,1,2703,14,2,1,3,2,3,4,3
Yes,18,Male,0,0,0,8,1,1904,12,0,0,3,3,3,4,3
Yes,33,Female,6,2,0,9,2,8224,17,3,0,1,3,1,1,3
No,41,Male,6,0,0,12,1,4766,11,4,1,2,3,4,1,3
Yes,31,Male,2,2,2,15,1,2610,12,5,1,3,3,3,3,2
No,37,Female,9,2,1,25,2,5731,13,2,2,3,2,4,3,3
No,27,Male,4,2,2,6,1,2539,13,0,1,4,2,3,3,3
No,34,Female,6,5,1,9,2,5714,20,3,0,2,3,3,1,2
No,35,Male,6,4,1,8,1,4323,17,2,0,3,3,3,2,1
Yes,29,Female,11,8,3,23,3,7336,13,3,1,4,2,1,1,1
No,40,Female,20,7,2,9,3,13499,17,3,0,2,3,3,3,2
Yes,42,Male,22,9,13,12,4,13758,12,2,0,3,3,1,2,2
No,42,Male,9,4,1,4,2,5155,13,3,0,2,3,1,4,4
No,35,Male,10,0,1,1,1,2258,12,2,1,4,2,3,2,3
No,24,Male,6,3,1,24,1,3597,22,2,0,4,3,2,4,3
Yes,28,Female,1,1,0,12,1,2515,11,4,0,3,3,4,4,2
No,26,Male,8,7,0,3,1,4420,22,2,1,1,4,4,2,3
No,30,Male,10,3,1,10,2,6578,18,3,1,3,2,3,1,3
No,40,Female,16,1,0,26,2,4422,13,3,1,3,2,4,4,1
No,35,Male,15,7,6,2,3,10274,18,2,1,3,2,2,2,4
No,34,Male,14,9,4,1,2,5343,20,3,0,4,2,1,3,3
No,35,Male,2,2,2,4,1,2376,13,2,1,4,2,4,2,4
Yes,43,Female,7,3,1,9,2,5346,13,2,0,1,1,3,2,2
No,32,Female,1,0,0,2,1,2827,12,3,3,3,3,1,3,3
No,56,Female,28,2,4,4,5,19943,13,2,1,4,3,1,4,3
No,29,Female,10,8,0,6,1,3131,13,5,1,2,3,4,1,3
No,19,Male,1,1,0,9,1,2552,25,4,0,3,3,1,3,3
No,45,Female,7,2,0,7,1,4477,19,2,1,1,3,3,3,2
No,37,Female,14,8,3,1,2,6474,13,2,1,4,2,4,2,2
No,20,Male,2,2,1,3,1,3033,12,2,0,1,2,3,1,2
Yes,44,Male,6,4,0,10,1,2936,11,4,0,3,3,3,3,3
No,53,Female,26,7,4,7,5,18606,18,6,1,4,3,3,2,3
No,29,Female,6,4,1,15,1,2168,18,2,1,2,1,4,1,2
Yes,22,Male,1,0,0,3,1,2853,11,5,1,3,2,4,2,3
No,46,Female,28,15,15,2,4,17048,23,2,0,3,3,1,1,3
No,44,Male,6,0,0,17,1,2290,13,3,0,4,1,3,4,3
No,33,Male,5,4,1,2,1,3600,13,2,1,2,3,3,4,3
Yes,41,Male,5,0,0,5,1,2107,17,2,1,1,2,1,1,1
No,30,Male,8,3,0,29,2,4115,19,3,3,3,3,1,3,3
No,40,Male,5,0,0,2,2,4327,12,2,3,2,3,2,4,3
No,50,Female,32,2,2,2,4,17856,22,3,1,4,3,1,3,3
No,28,Male,6,5,3,19,1,3196,12,2,3,4,2,1,3,3
No,46,Male,25,2,0,15,5,19081,11,2,1,4,3,2,1,3
No,35,Male,15,7,1,17,2,8966,15,2,3,3,3,1,4,3
Yes,24,Female,1,0,0,17,1,2210,13,3,1,4,3,2,1,1
No,33,Female,10,7,0,25,2,4539,12,3,1,2,3,3,1,2
No,36,Male,7,7,1,6,1,2741,14,4,1,3,1,3,3,3
No,30,Male,10,7,8,7,2,3491,13,4,3,3,3,3,1,2
No,44,Male,20,11,13,29,2,4541,25,3,0,4,3,4,2,3
No,20,Male,2,1,2,21,1,2678,17,2,0,3,4,4,4,3
No,46,Male,12,3,1,2,2,7379,11,3,1,4,3,4,3,2
No,42,Male,10,3,0,2,2,6272,16,3,1,4,4,1,1,4
No,60,Male,12,7,1,7,2,5220,18,3,1,2,4,4,2,3
No,32,Female,2,2,2,13,1,2743,20,2,1,3,2,2,3,3
No,32,Female,10,7,0,2,2,4998,14,2,0,4,3,3,4,3
No,36,Female,17,7,7,1,3,10252,21,2,1,3,1,1,3,3
No,33,Male,15,10,4,9,1,2781,13,5,1,1,3,4,2,3
No,40,Female,7,1,1,10,2,6852,12,2,1,2,2,2,2,4
No,25,Male,5,3,1,10,2,4950,14,4,0,3,3,4,2,3
No,30,Male,12,9,5,1,1,3579,21,2,1,4,3,2,1,3
No,42,Female,20,0,0,26,3,13191,17,6,0,1,3,1,3,3
No,35,Female,16,2,4,8,3,10377,11,6,1,3,2,4,2,2
No,27,Male,9,7,6,14,1,2235,14,3,2,1,3,1,4,2
No,54,Female,33,4,1,1,3,10502,17,2,1,4,3,3,1,1
No,44,Female,10,5,7,2,1,2011,13,5,1,1,4,4,4,3
Yes,19,Female,1,1,0,10,1,1859,25,2,0,1,2,2,2,4
No,29,Female,3,2,1,1,1,3760,15,5,3,1,3,4,1,3
No,54,Male,36,9,0,3,4,17779,14,2,0,4,3,4,1,3
No,31,Male,6,5,0,11,2,6833,12,2,0,3,3,1,4,2
No,31,Female,10,9,1,24,2,6812,19,2,0,3,2,1,2,3
No,59,Female,13,1,0,3,2,5171,17,2,0,3,2,4,4,3
No,43,Male,25,7,0,3,5,19740,14,2,1,3,1,4,2,3
No,49,Male,23,0,0,4,5,18711,13,2,1,1,2,3,3,4
No,36,Male,12,10,0,3,1,3692,12,2,0,3,3,2,3,2
No,48,Male,7,0,0,2,1,2559,11,4,0,4,4,2,3,2
No,27,Male,5,3,0,4,1,2517,11,2,3,1,3,3,2,3
No,29,Male,6,0,1,7,2,6623,11,2,2,3,3,4,2,3
No,48,Male,25,0,0,1,5,18265,12,3,0,4,2,4,3,4
No,29,Female,9,7,1,1,4,16124,14,2,2,4,2,4,2,2
No,34,Female,2,0,0,20,1,2585,17,5,0,3,4,3,4,2
No,44,Male,26,9,3,5,5,18213,11,5,1,2,3,2,3,3
No,33,Male,10,8,0,10,3,8380,14,3,2,4,4,3,4,3
No,19,Female,1,0,0,25,1,2994,12,2,0,2,4,4,4,3
No,23,Male,1,0,0,1,1,1223,22,2,1,4,3,3,4,3
Yes,25,Male,1,0,1,24,1,1118,14,4,0,3,1,4,4,3
No,26,Male,8,5,2,4,1,2875,20,2,0,3,3,4,2,2
Yes,45,Female,26,10,1,2,5,18824,16,2,0,1,1,2,1,3
No,55,Male,34,9,15,8,4,13577,15,3,1,4,2,2,4,3
Yes,21,Female,2,2,2,10,1,2625,20,2,0,1,2,3,3,1
No,46,Female,26,4,0,4,5,18789,14,2,1,4,2,2,3,3
No,34,Female,4,2,0,2,2,4538,12,3,0,3,3,1,4,3
No,51,Male,31,10,11,9,5,19847,24,5,1,4,3,2,1,2
No,59,Male,25,7,5,18,3,10512,12,6,0,4,3,4,4,2
No,34,Female,15,8,5,19,2,4444,13,2,2,3,3,2,3,4
No,28,Male,5,2,0,1,1,2154,11,2,0,4,3,3,3,2
No,44,Male,26,9,14,4,5,19190,14,4,2,3,4,1,4,2
No,34,Male,14,9,1,11,2,4490,11,5,2,3,2,2,4,4
No,35,Male,4,2,2,6,1,3506,14,3,0,3,3,3,4,3
No,42,Female,18,0,0,7,2,2372,16,2,0,2,4,2,4,3
No,43,Female,23,7,15,4,3,10231,14,3,0,4,2,4,4,4
No,36,Female,18,14,5,2,2,5410,11,2,0,3,3,2,4,3
Yes,44,Female,10,7,0,15,3,7978,11,2,1,1,3,4,4,3
No,28,Male,2,2,2,2,1,3867,12,2,1,4,2,4,2,3
No,51,Female,8,0,7,6,1,2838,14,6,0,2,2,3,2,2
No,30,Female,10,4,1,9,2,4695,18,3,0,3,3,3,3,3
Yes,29,Female,10,7,7,7,1,3339,13,2,2,2,3,3,1,3
No,28,Male,5,2,1,1,1,2080,11,2,0,4,3,1,2,2
No,25,Female,2,2,2,1,1,2096,18,3,0,4,3,2,4,2
No,32,Male,10,7,0,8,2,6209,15,4,2,3,4,4,3,4
No,45,Female,22,0,0,25,5,18061,22,4,0,2,3,2,3,3
No,39,Female,21,9,15,13,4,17123,13,4,2,3,2,2,4,3
No,58,Male,2,2,2,23,1,2372,12,3,2,1,3,3,4,3
Yes,32,Male,10,4,1,7,2,4883,18,3,1,4,3,3,1,3
Yes,39,Male,6,2,0,23,1,3904,13,2,0,3,3,1,1,3
No,30,Female,10,2,6,6,2,4627,12,6,1,1,2,4,1,3
No,36,Female,10,7,1,10,3,7094,12,0,0,4,3,3,1,3
No,46,Female,10,6,5,1,1,3423,12,3,0,4,3,1,3,4
No,28,Female,10,8,7,1,2,6674,11,6,3,3,1,4,1,3
No,50,Female,25,2,1,28,4,16880,11,2,0,4,3,1,2,3
Yes,40,Male,9,4,1,25,3,9094,12,2,0,4,2,2,3,3
Yes,52,Male,10,7,7,5,3,8446,19,2,0,2,3,2,3,2
No,30,Female,9,1,0,17,3,11916,23,2,2,2,3,1,4,3
No,39,Male,9,7,1,18,2,4534,11,6,0,1,3,3,1,3
No,31,Female,10,8,9,2,3,9852,19,5,1,4,3,3,1,2
No,41,Male,19,2,11,10,2,6151,13,4,0,3,1,2,1,3
Yes,31,Female,3,2,2,1,1,2302,11,2,0,4,3,2,1,4
Yes,44,Male,10,2,1,3,1,2362,12,4,0,1,3,1,3,4
No,42,Male,21,8,2,2,4,17861,13,3,0,3,3,3,4,2
No,55,Female,23,9,9,2,5,19187,14,5,1,4,1,3,4,3
No,56,Male,36,3,7,8,5,19717,14,4,0,4,3,2,1,3
No,40,Male,6,2,0,16,1,3544,16,0,1,3,3,3,2,3
No,34,Male,10,7,1,9,3,8500,11,0,1,4,3,4,4,2
No,40,Male,9,8,8,2,2,4661,13,4,0,3,3,4,3,3
No,41,Female,10,3,1,1,2,4103,17,2,1,3,3,1,4,3
No,35,Male,9,6,1,4,2,4249,11,3,0,3,3,3,2,3
No,51,Male,33,9,0,5,4,14026,11,2,1,3,3,2,2,3
No,38,Female,11,7,1,2,2,6893,15,3,1,2,3,1,4,3
No,34,Female,10,8,9,15,2,6125,12,6,0,3,3,1,4,4
No,25,Male,7,2,1,19,1,3669,11,6,3,4,3,4,3,2
Yes,58,Female,31,9,5,7,3,10008,14,0,0,3,2,1,4,2
No,40,Male,7,2,0,1,1,2387,22,3,1,2,3,2,3,3
No,36,Female,17,7,6,7,2,4639,16,2,1,1,4,1,4,2
No,48,Male,11,9,0,4,3,7898,11,2,0,4,3,4,3,3
No,27,Female,5,0,0,11,1,2534,14,4,1,3,4,4,2,3
No,51,Female,29,2,0,11,4,13142,16,1,0,4,2,2,2,2
No,18,Female,0,0,0,1,1,1611,15,5,0,4,3,4,3,4
No,35,Female,10,7,0,1,2,5363,12,0,1,4,2,4,2,3
No,27,Male,8,2,0,2,2,5071,20,3,0,4,1,4,2,3
Yes,55,Male,24,7,3,13,4,13695,17,2,0,1,4,3,3,2
No,56,Male,33,16,15,23,4,13402,12,0,1,4,3,2,1,3
No,34,Female,5,4,0,26,1,2029,20,2,3,1,2,3,3,3
No,40,Female,15,11,11,2,2,6377,20,0,3,2,4,3,2,3
No,34,Male,10,7,7,29,2,5429,13,1,2,2,3,3,1,3
Yes,31,Female,3,0,0,2,1,2785,14,3,0,3,2,4,3,4
Yes,35,Female,5,2,3,18,2,4614,18,0,1,4,3,3,3,2
No,38,Male,4,2,0,7,1,2610,11,2,3,4,4,3,4,3
No,34,Female,14,11,4,2,2,6687,11,2,0,3,3,4,4,4
No,28,Male,5,3,0,26,2,4724,11,0,1,3,2,1,3,3
Yes,31,Male,10,2,6,22,2,6179,15,3,2,4,3,3,4,2
No,39,Male,8,4,1,21,2,6120,12,2,2,1,2,4,4,4
No,51,Male,14,2,3,2,3,10596,11,5,0,2,3,2,2,3
No,41,Female,12,2,3,22,2,5467,14,4,2,4,3,4,1,2
No,37,Male,8,4,1,4,1,2996,15,2,0,3,3,3,4,3
No,33,Male,8,4,1,5,2,9998,13,2,0,2,3,4,1,4
No,32,Male,4,2,1,2,2,4078,13,3,3,3,3,2,1,2
No,39,Male,13,4,0,25,3,10920,21,2,1,3,3,3,2,3
No,25,Male,6,2,1,18,2,6232,11,3,0,1,4,3,2,2
No,52,Female,24,3,0,28,4,13247,11,3,1,4,4,3,2,2
No,43,Female,20,7,1,6,2,4081,14,3,0,1,2,3,1,1
No,27,Female,6,2,4,10,2,5769,11,3,0,4,2,4,4,3
Yes,27,Female,8,2,7,17,1,2394,13,2,0,4,3,3,4,3
No,26,Male,5,3,1,2,1,3904,12,2,0,1,2,4,4,3
No,42,Female,21,7,0,10,4,16799,14,5,1,3,3,1,3,3
No,52,Female,12,4,0,8,1,2950,13,2,0,3,3,1,3,1
No,37,Female,8,2,0,11,1,3629,18,6,0,1,3,3,1,3
No,35,Male,10,2,2,18,3,9362,11,2,0,3,3,4,3,3
No,25,Male,7,2,0,1,1,3229,11,2,1,1,3,4,2,2
No,26,Male,8,7,0,7,1,3578,12,2,0,3,4,1,4,3
No,29,Male,10,9,0,17,3,7988,13,3,0,2,2,1,1,2
Yes,49,Male,20,3,1,28,2,4284,20,2,0,1,2,1,1,3
Yes,29,Female,9,7,7,14,3,7553,12,1,0,3,3,4,1,3
No,54,Female,29,7,12,1,4,17328,19,3,0,4,3,4,4,2
No,58,Female,32,8,1,1,5,19701,21,3,1,4,3,1,3,3
No,55,Male,31,7,0,1,4,14732,13,4,2,2,4,4,4,4
No,36,Female,15,4,0,3,2,9278,16,3,0,1,3,2,4,3
Yes,31,Female,1,0,0,1,1,1359,12,3,0,2,1,3,2,3
No,30,Female,8,2,0,7,2,4779,14,3,2,4,3,1,2,3
No,31,Female,9,2,1,8,4,16422,11,3,0,1,3,2,3,4
No,34,Male,10,3,1,1,1,2996,14,2,2,4,3,1,3,3
Yes,31,Female,1,0,0,8,1,1261,12,3,0,1,2,2,3,4
No,27,Male,6,0,1,11,1,2099,14,3,0,2,3,1,2,4
No,36,Male,10,4,1,4,2,5810,16,2,0,1,2,4,3,2
No,36,Female,11,2,0,16,2,5647,13,3,2,3,2,1,1,2
No,47,Male,17,5,1,1,1,3420,12,2,1,1,3,4,3,2
Yes,25,Male,6,2,2,9,1,4400,12,2,0,1,2,1,1,3
No,37,Male,7,5,1,5,1,3500,14,2,0,3,4,3,1,1
No,56,Female,5,2,1,1,1,2066,22,3,1,1,3,1,4,4
No,47,Female,26,17,5,2,4,17169,19,2,2,1,3,3,2,4
No,24,Female,5,4,0,4,2,4162,12,3,2,4,3,3,3,3
No,32,Male,7,3,0,7,2,9204,12,3,1,4,3,4,3,2
No,34,Female,7,4,0,1,1,3294,17,2,1,4,2,2,1,2
No,41,Male,7,2,0,5,1,2127,12,5,0,2,4,3,1,2
No,40,Male,11,7,0,9,2,3975,11,2,2,3,3,3,3,4
No,31,Male,13,7,9,8,3,10793,18,5,1,1,3,4,1,3
Yes,46,Male,28,7,4,9,3,10096,11,1,1,1,3,4,1,4
Yes,39,Female,11,0,0,2,1,3646,23,2,0,1,2,1,2,4
Yes,31,Female,10,8,4,1,3,7446,11,2,0,3,4,2,1,3
No,45,Male,24,7,0,20,3,10851,18,2,1,2,1,1,2,3
No,31,Female,8,2,0,8,1,2109,18,3,0,4,4,2,4,3
Yes,31,Male,7,2,2,2,1,3722,13,2,1,2,3,4,3,1
No,45,Male,10,1,1,29,3,9380,18,4,2,2,3,4,4,4
No,48,Male,15,2,2,7,2,5486,11,3,3,3,3,1,1,3
Yes,34,Female,2,2,2,9,1,2742,15,0,0,1,3,3,4,3
No,40,Male,16,8,4,8,3,13757,11,5,1,4,2,2,3,3
No,28,Male,6,4,1,5,2,8463,18,4,0,4,3,1,4,3
No,44,Male,7,2,0,5,1,3162,14,5,0,3,2,3,4,3
No,53,Male,35,8,8,2,4,16598,12,2,0,4,4,2,2,2
No,49,Male,20,2,1,5,2,6651,14,0,1,1,3,3,2,2
No,40,Male,8,1,1,2,1,2345,14,3,1,3,3,3,3,4
No,44,Male,6,2,1,20,1,3420,13,3,0,4,3,2,3,2
No,33,Male,5,3,0,7,2,4373,14,2,2,4,3,1,1,3
No,34,Male,15,9,3,3,2,4759,18,2,0,4,1,1,4,3
No,30,Male,4,1,2,16,2,5301,15,2,2,4,3,3,3,2
No,42,Female,12,9,5,9,1,3673,13,3,0,1,3,4,3,3
No,44,Female,11,0,0,1,2,4768,12,4,1,1,3,3,3,2
No,30,Male,1,0,0,7,1,1274,13,2,2,3,3,3,2,2
No,57,Male,13,9,2,1,2,4900,24,2,1,2,4,3,1,2
No,49,Male,29,7,0,7,3,10466,14,3,2,3,3,2,2,3
No,34,Male,16,8,6,15,4,17007,14,3,2,2,3,1,4,2
Yes,28,Male,5,2,1,1,1,2909,15,3,1,1,3,3,4,4
Yes,29,Female,7,3,0,13,2,5765,11,4,0,1,3,2,1,1
Yes,34,Female,16,9,10,24,2,4599,23,2,0,1,2,2,3,4
No,35,Male,1,0,0,7,1,2404,13,3,1,4,3,3,1,3
Yes,24,Male,4,0,0,9,1,3172,11,2,0,2,3,1,3,2
No,24,Female,1,0,0,13,1,2033,13,2,1,4,3,2,3,3
No,44,Male,16,2,2,2,3,10209,18,2,0,2,3,3,2,2
No,29,Male,10,7,0,19,2,8620,14,3,2,3,2,3,3,3
No,30,Male,6,3,1,1,1,2064,21,3,1,3,3,3,1,4
No,55,Male,4,2,1,4,2,4035,16,2,0,4,3,3,2,3
No,33,Female,8,4,0,4,1,3838,11,5,0,1,2,2,4,3
No,47,Female,11,4,1,14,2,4591,17,4,1,3,3,3,3,2
Yes,28,Male,8,0,0,2,1,2561,11,2,0,3,2,1,3,2
No,28,Male,1,0,0,1,1,1563,14,2,1,1,2,3,4,1
No,28,Male,5,2,1,7,2,4898,14,5,0,3,3,1,4,3
No,49,Female,10,2,1,3,2,4789,25,3,1,3,2,1,1,3
No,29,Female,4,2,0,2,1,3180,13,3,3,4,3,2,3,3
No,28,Male,8,6,1,29,2,6549,14,2,2,3,1,2,2,2
No,33,Male,14,0,0,8,2,6388,17,6,0,4,3,3,1,3
No,32,Male,10,2,0,10,3,11244,25,5,0,3,3,4,2,4
No,54,Female,26,9,1,11,4,16032,20,2,1,2,3,4,1,3
Yes,29,Male,11,7,0,1,1,2362,13,2,0,1,2,1,3,1
No,44,Male,24,6,14,28,4,16328,13,1,1,4,3,1,3,4
No,39,Female,9,0,2,6,3,8376,18,3,0,2,3,2,4,3
No,46,Female,23,12,5,3,4,16606,12,2,1,3,3,2,4,4
No,35,Female,11,8,3,16,3,8606,19,3,0,4,2,2,4,1
No,23,Male,5,3,1,20,2,2272,14,2,0,1,3,3,2,3
Yes,40,Male,15,4,1,9,1,2018,14,3,0,4,3,1,2,1
No,34,Male,10,9,8,1,3,7083,14,3,0,4,2,3,4,3
Yes,31,Female,7,2,7,3,1,4084,12,2,0,4,3,3,1,1
No,50,Male,32,6,13,22,4,14411,13,2,0,3,1,4,4,3
No,34,Male,12,10,5,7,1,2308,25,4,1,2,3,3,2,3
No,42,Male,4,0,0,2,1,4841,14,3,1,3,2,2,2,3
No,37,Male,10,8,3,13,2,4285,17,2,0,1,3,4,1,3
No,29,Female,9,7,0,8,2,9715,13,3,1,3,1,1,3,3
No,33,Male,5,3,0,25,2,4320,13,2,0,4,2,2,4,3
No,45,Male,8,4,0,28,1,2132,20,3,1,4,3,4,4,3
No,42,Male,24,8,13,2,3,10124,14,3,1,4,3,4,3,1
No,40,Male,9,4,7,9,2,5473,12,5,0,1,3,1,4,4
No,33,Male,15,14,5,28,2,5207,12,3,1,2,3,3,2,3
No,40,Male,21,7,7,6,4,16437,21,2,0,3,3,4,4,3
No,24,Male,2,1,0,21,1,2296,14,3,3,3,2,1,2,3
No,40,Male,8,2,2,8,2,4069,18,2,0,4,3,4,3,3
No,45,Male,10,8,7,1,3,7441,12,4,3,1,3,2,1,3
No,35,Female,6,3,4,28,1,2430,23,5,2,2,2,3,1,3
No,32,Female,12,1,2,5,2,5878,12,2,1,4,2,2,1,3
No,36,Male,7,2,1,2,1,2644,21,3,0,3,3,4,4,2
No,48,Female,18,7,7,16,2,6439,14,2,1,3,3,3,3,3
No,29,Male,5,0,0,9,1,2451,18,2,2,3,4,3,1,2
No,33,Male,8,2,2,8,2,6392,13,6,1,1,3,1,4,1
Yes,30,Male,10,8,6,1,2,9714,11,4,1,2,2,1,4,3
No,38,Male,10,3,1,10,2,6077,11,2,0,3,3,3,3,3
No,35,Male,3,0,1,1,1,2450,19,3,0,4,2,1,2,3
No,30,Male,9,2,1,29,3,9250,12,3,1,3,3,2,2,3
Yes,35,Female,1,0,0,2,1,2074,12,2,1,1,3,1,4,3
Yes,53,Female,34,7,1,2,3,10169,16,4,1,3,2,4,2,3
Yes,38,Male,7,2,1,2,2,4855,11,2,2,3,3,2,1,3
No,32,Male,9,5,1,1,2,4087,14,3,1,4,3,1,2,2
No,48,Female,10,2,7,15,1,2367,12,3,1,3,3,1,4,2
No,34,Male,1,0,0,7,1,2972,13,4,0,1,3,4,3,1
No,55,Male,36,6,2,26,5,19586,21,3,1,3,2,4,3,3
No,34,Male,9,2,2,1,2,5484,17,3,1,2,3,4,2,2
No,26,Female,1,0,0,3,1,2061,21,5,0,1,3,4,1,3
No,38,Male,10,8,7,14,2,9924,11,3,1,3,3,2,4,3
No,38,Female,8,2,1,16,2,4198,12,5,0,2,3,2,2,4
No,36,Female,15,0,0,1,2,6815,13,5,0,2,3,3,1,3
No,29,Male,10,9,1,3,1,4723,18,3,0,2,3,1,4,3
No,35,Female,10,2,0,10,2,6142,16,4,0,1,3,3,3,3
No,39,Male,11,6,7,6,3,8237,11,3,1,4,4,3,1,3
No,29,Male,6,4,1,2,2,8853,19,0,1,1,3,4,4,4
No,50,Male,27,0,0,9,5,19331,16,2,1,3,3,3,3,3
No,23,Male,4,2,2,10,1,2073,16,2,1,4,4,3,4,3
No,36,Male,9,2,0,6,2,5562,13,3,1,1,4,1,4,3
No,42,Male,24,0,0,9,5,19613,22,2,0,4,2,4,4,3
No,35,Male,10,9,6,28,2,3407,17,3,2,2,4,3,4,2
No,34,Male,8,2,7,10,2,5063,14,3,1,4,2,3,2,2
No,40,Female,5,4,1,14,2,4639,15,2,1,4,3,1,3,3
No,43,Male,8,4,0,27,1,4876,12,0,1,4,4,2,3,3
No,35,Male,1,0,0,7,1,2690,18,5,1,3,2,4,4,2
No,46,Male,27,0,0,1,4,17567,15,5,0,4,4,1,2,1
Yes,28,Male,1,1,0,24,1,2408,17,3,3,3,3,2,3,3
No,22,Female,4,2,1,26,1,2814,14,2,0,2,2,3,2,2
No,50,Male,32,8,12,20,4,11245,15,3,1,2,3,3,3,3
No,32,Female,6,2,0,5,1,3312,17,3,2,2,4,4,4,3
No,44,Female,23,7,1,7,5,19049,14,4,1,2,3,4,4,2
No,30,Male,6,4,1,7,1,2141,12,3,1,2,2,2,2,2
No,45,Female,10,7,1,5,2,5769,14,3,0,3,1,1,1,3
No,45,Male,10,7,4,26,2,4385,15,2,1,1,2,1,1,3
No,31,Male,10,2,0,2,2,5332,13,3,0,4,3,1,4,3
No,36,Female,7,2,1,12,2,4663,12,2,2,3,3,3,2,3
No,34,Male,9,7,7,10,2,4724,13,3,1,3,4,4,1,3
No,49,Female,10,6,1,25,1,3211,14,3,1,3,3,1,4,2
No,39,Male,10,7,7,10,2,5377,13,3,3,2,3,1,4,3
No,27,Male,7,7,0,19,1,4066,11,3,2,4,2,1,1,3
No,35,Male,16,15,1,18,2,5208,11,2,0,2,4,1,4,3
No,28,Female,6,3,0,27,2,4877,21,5,1,2,1,1,2,2
No,21,Male,3,2,2,5,1,3117,18,2,0,3,3,4,3,3
Yes,18,Female,0,0,0,3,1,1569,12,2,0,2,3,4,3,4
No,47,Female,27,2,1,26,5,19658,11,2,1,4,3,3,3,3
No,39,Male,11,8,0,3,2,3069,15,3,1,3,2,3,4,3
No,40,Female,18,15,14,15,3,10435,13,2,2,1,2,3,4,3
No,35,Female,15,11,2,8,2,4148,12,5,1,3,3,3,4,3
No,37,Male,9,3,0,19,2,5768,17,2,3,3,3,3,1,2
No,39,Female,10,2,3,4,2,5042,13,2,0,1,3,3,4,1
No,45,Female,10,7,3,2,2,5770,19,3,2,4,2,4,1,3
No,38,Female,10,4,0,2,3,7756,19,6,1,4,2,3,4,4
Yes,35,Male,15,12,6,10,3,10306,17,3,0,4,2,1,3,3
No,37,Female,8,4,7,10,1,3936,11,2,1,2,3,2,1,1
No,40,Female,18,2,3,16,3,7945,15,2,0,3,3,4,4,2
No,44,Male,14,7,0,1,2,5743,11,3,0,1,3,4,3,3
No,48,Male,23,2,2,4,4,15202,25,3,1,3,2,4,2,3
Yes,35,Male,7,2,2,15,2,5440,14,2,2,1,1,4,4,2
No,24,Female,6,3,1,2,1,3760,13,2,0,1,3,4,3,3
No,27,Female,5,2,0,8,1,3517,17,0,0,2,4,3,1,3
No,27,Male,6,2,1,2,1,2580,13,0,0,4,3,4,3,2
Yes,40,Male,10,2,0,7,1,2166,14,3,0,1,3,1,2,1
No,29,Male,8,2,1,10,2,5869,11,2,0,3,2,3,3,3
No,36,Female,9,2,0,5,3,8008,12,6,2,2,3,1,3,3
No,25,Male,7,7,0,2,2,5206,17,6,2,4,4,3,3,3
No,39,Male,7,4,1,12,2,5295,21,3,0,4,3,2,3,3
No,49,Female,27,2,1,22,4,16413,16,2,2,1,3,2,2,3
No,50,Female,19,11,1,17,3,13269,15,3,3,4,2,1,3,3
No,20,Female,2,2,2,2,1,2783,19,3,0,3,3,3,1,3
No,34,Female,11,8,7,3,2,5433,12,2,1,4,3,2,3,3
No,36,Male,15,3,1,7,1,2013,11,4,0,1,3,2,3,3
No,49,Female,30,11,2,6,4,13966,19,3,1,3,2,3,2,3
No,36,Female,4,2,1,1,2,4374,15,6,0,4,2,3,3,3
No,36,Male,13,4,0,3,2,6842,20,3,1,4,4,1,1,3
No,54,Female,36,8,4,22,4,17426,25,6,1,2,3,3,3,3
No,43,Male,14,10,6,15,4,17603,24,3,1,3,2,3,1,3
Yes,35,Male,13,9,6,12,2,4581,24,2,0,4,3,4,1,4
No,38,Male,19,11,2,1,2,4735,15,4,2,4,3,4,4,4
No,29,Male,10,0,0,5,2,4187,13,3,1,1,2,2,2,2
No,33,Male,6,2,0,2,2,5505,14,5,2,4,3,4,3,3
No,32,Male,10,5,1,2,2,5470,13,4,2,4,3,2,3,2
No,31,Female,10,0,0,5,2,5476,11,2,2,1,3,4,1,3
No,49,Female,17,2,2,16,1,2587,16,2,1,4,3,1,2,2
No,38,Female,4,3,3,2,1,2440,22,3,0,4,2,2,2,3
No,47,Female,29,2,1,2,4,15972,14,2,3,2,4,2,3,3
No,49,Male,23,7,0,1,4,15379,14,2,0,3,3,3,1,3
No,41,Male,21,0,0,23,3,7082,16,2,0,4,3,3,4,3
No,20,Male,2,2,0,9,1,2728,11,3,0,4,3,1,1,3
No,33,Female,7,5,1,16,2,5368,25,2,1,3,3,4,3,3
No,36,Male,10,2,0,26,2,5347,14,2,2,1,3,3,2,2
No,44,Female,8,2,2,1,1,3195,18,2,3,3,3,4,1,3
Yes,23,Male,5,4,1,8,1,3989,11,2,0,4,2,3,1,3
No,38,Female,7,0,0,4,1,3306,19,5,1,4,3,3,4,2
No,53,Male,11,3,1,24,3,7005,15,2,0,2,4,4,3,3
Yes,48,Female,19,7,7,7,1,2655,11,3,2,4,3,3,3,3
Yes,32,Male,1,0,0,2,1,1393,12,2,0,4,3,2,1,3
No,26,Male,7,7,5,7,1,2570,20,5,0,4,3,4,3,3
No,55,Male,8,2,1,22,1,3537,12,1,1,1,2,2,4,3
No,34,Male,15,10,4,5,2,3986,14,3,1,2,2,4,3,4
No,60,Male,19,0,0,1,3,10883,20,2,1,3,1,4,3,4
No,33,Male,14,11,2,21,1,2028,18,6,3,2,4,2,4,3
No,37,Male,6,3,1,1,2,9525,14,2,2,3,1,4,3,2
No,34,Female,10,9,8,19,1,2929,12,3,0,2,2,4,2,3
Yes,23,Male,3,2,0,7,1,2275,21,2,1,3,3,4,2,3
No,44,Female,9,7,6,2,3,7879,19,2,1,3,4,4,2,3
No,35,Male,6,4,1,2,1,4930,14,2,0,1,2,4,3,4
No,43,Male,10,9,8,2,2,7847,17,3,1,4,3,4,1,3
No,24,Male,5,3,0,9,1,4401,16,1,1,3,4,3,4,3
No,41,Male,10,8,8,6,3,9241,12,3,0,4,3,3,2,3
No,29,Female,9,3,1,9,1,2974,17,2,1,4,3,3,3,3
No,36,Female,17,7,6,2,2,4502,15,2,0,3,3,4,3,2
No,45,Male,25,15,14,1,3,10748,23,3,1,3,2,3,4,2
Yes,24,Male,1,0,0,22,1,1555,11,2,1,4,1,3,3,3
Yes,47,Male,25,5,14,9,4,12936,11,3,0,3,1,3,3,1
No,26,Male,3,2,0,17,1,2305,15,3,3,4,1,3,3,4
No,45,Female,21,6,8,28,4,16704,11,2,0,4,2,2,3,3
No,32,Male,10,2,1,10,1,3433,13,3,1,1,3,3,1,2
No,31,Male,6,2,0,2,1,3477,14,2,1,2,3,3,4,4
No,41,Male,10,2,1,4,2,6430,19,4,1,3,1,2,2,3
No,40,Female,18,0,0,8,2,6516,16,3,1,2,3,1,2,3
No,24,Male,6,2,1,29,1,3907,13,2,3,2,3,1,2,4
No,46,Male,19,7,0,13,2,5562,14,3,0,3,3,2,4,3
No,35,Male,17,7,0,27,2,6883,16,3,1,4,3,3,2,3
No,30,Male,10,0,0,16,1,2862,12,2,1,2,3,4,2,2
No,47,Male,4,0,0,2,2,4978,11,3,1,3,3,2,4,1
No,46,Male,13,6,0,2,3,10368,12,5,1,3,3,4,2,2
Yes,36,Male,16,2,2,13,2,6134,13,3,3,2,2,1,2,3
Yes,32,Male,10,0,0,1,2,6735,15,2,0,1,1,2,2,3
No,23,Female,3,2,1,4,1,3295,13,3,0,3,3,2,3,1
No,31,Female,9,4,1,24,2,5238,20,3,0,4,3,4,4,2
No,39,Male,9,8,5,1,2,6472,15,2,1,4,3,4,4,3
No,32,Male,10,3,0,19,3,9610,13,2,1,4,1,3,3,1
No,40,Male,21,8,12,7,5,19833,14,3,0,2,3,2,2,2
No,45,Female,9,0,0,4,3,9756,21,2,2,3,1,3,3,4
No,30,Female,10,7,0,2,1,4968,16,2,0,4,2,1,4,3
No,24,Male,3,2,2,10,1,2145,14,2,1,1,3,4,4,3
Yes,30,Female,6,2,1,8,1,2180,11,0,1,3,2,4,3,2
No,31,Male,6,2,0,5,2,8346,19,3,1,1,3,3,3,3
No,27,Female,6,2,1,8,1,3445,11,5,0,3,3,4,3,2
Yes,29,Female,2,2,2,9,1,2760,13,3,0,2,1,2,3,3
No,29,Male,10,2,0,1,2,6294,12,5,0,4,4,3,4,4
No,30,Male,12,7,1,15,3,7140,11,2,1,3,2,1,1,3
No,34,Male,6,0,1,2,1,2932,14,3,3,4,4,4,1,3
No,33,Female,13,7,1,2,2,5147,15,2,0,4,3,2,4,2
No,49,Female,8,1,0,11,2,4507,12,1,0,4,3,4,3,4
Yes,33,Female,11,0,0,16,3,8564,20,2,0,1,3,1,3,2
No,38,Female,9,1,0,2,1,2468,14,4,1,3,2,2,2,2
Yes,31,Male,10,0,0,16,3,8161,13,2,3,1,3,3,1,3
No,29,Female,1,0,0,4,1,2109,13,2,1,4,2,1,3,3
No,30,Male,10,0,1,16,2,5294,16,3,1,3,4,3,3,3
No,32,Male,12,7,0,5,1,2718,14,3,0,2,3,2,2,3
No,38,Male,15,0,1,18,2,5811,16,2,1,2,1,4,3,3
Yes,43,Male,6,0,0,17,1,2437,16,4,1,3,2,3,4,3
No,42,Male,7,3,0,12,1,2766,22,6,3,2,3,2,2,2
No,55,Male,34,0,0,2,5,19038,12,2,3,3,2,1,2,3
No,33,Male,11,8,1,4,2,3055,15,2,2,4,3,2,4,2
No,41,Male,5,3,0,9,1,2289,20,2,2,3,3,1,2,3
No,34,Male,15,14,0,10,2,4001,14,3,1,4,3,3,3,3
No,53,Female,27,2,0,1,4,12965,20,2,3,1,2,3,4,2
No,43,Male,10,7,1,2,1,3539,13,5,0,2,3,4,2,3
No,34,Female,6,2,2,3,2,6029,12,3,0,4,1,4,1,3
Yes,21,Male,1,0,1,7,1,2679,13,3,0,2,3,2,2,3
No,38,Female,5,4,0,6,1,3702,11,3,1,4,2,3,2,3
Yes,22,Female,1,0,0,8,1,2398,17,6,0,3,3,1,3,3
No,31,Female,13,7,5,29,2,5468,14,3,2,1,2,4,1,3
No,51,Female,15,2,2,3,3,13116,11,2,0,1,3,3,4,3
No,37,Male,5,2,0,9,2,4189,14,2,2,2,2,2,1,3
No,46,Male,24,1,2,2,5,19328,17,3,1,3,3,4,3,3
No,36,Male,15,8,5,10,3,8321,13,1,1,4,3,1,4,3
Yes,44,Male,6,3,2,1,1,2342,12,2,3,3,3,2,3,2
No,37,Male,19,0,4,8,2,4071,13,4,0,3,3,2,3,2
Yes,35,Male,10,7,7,27,2,5813,18,2,0,3,3,4,4,3
No,33,Male,14,8,7,8,1,3143,19,1,1,4,4,1,2,3
No,28,Male,5,3,0,1,1,2044,11,6,1,3,3,4,3,4
No,39,Male,9,3,2,10,3,13464,21,3,0,3,3,3,3,3
No,46,Male,6,2,2,26,2,7991,15,3,0,2,2,2,3,3
No,40,Female,7,3,0,2,1,3377,17,5,1,3,3,1,4,2
No,42,Male,10,0,0,13,2,5538,18,2,2,2,4,1,3,2
No,35,Male,15,7,1,2,2,5762,14,6,1,2,3,4,3,3
No,38,Male,13,10,3,2,1,2592,13,3,3,1,3,2,4,3
Yes,34,Male,11,1,0,9,2,5346,17,3,1,4,3,1,3,2
Yes,37,Male,10,3,0,10,2,4213,15,4,0,4,3,1,2,1
No,39,Male,7,1,2,20,2,4127,18,6,1,3,3,4,4,3
No,43,Male,7,2,1,9,1,2438,13,2,0,1,3,3,3,2
No,41,Male,11,2,1,5,2,6870,12,3,0,2,4,2,1,1
No,41,Female,23,14,13,4,3,10447,13,3,1,3,3,3,4,4
No,30,Female,9,7,0,10,3,9667,14,3,0,1,3,3,2,3
Yes,26,Female,6,1,1,20,1,2148,11,3,0,4,3,2,3,3
Yes,46,Female,13,7,3,21,2,8926,22,2,1,4,3,2,4,4
No,40,Female,12,3,0,1,2,6513,17,3,1,3,3,4,4,3
No,34,Male,10,8,4,8,2,6799,21,5,2,2,4,3,3,3
No,58,Male,37,9,14,2,4,16291,22,0,1,2,3,2,4,2
No,35,Male,6,4,0,23,1,2705,16,2,1,2,1,3,2,4
No,47,Female,28,11,14,4,3,10333,12,4,1,3,2,2,3,3
No,40,Female,15,4,7,12,2,4448,12,3,1,2,3,1,2,3
No,54,Female,14,1,1,7,2,6854,15,2,1,4,3,4,2,2
No,31,Female,9,2,2,7,3,9637,14,3,2,1,3,1,4,3
No,28,Female,3,2,1,1,1,3591,25,3,1,3,3,1,3,3
No,38,Female,20,2,0,2,2,5405,20,4,2,2,1,4,1,2
No,26,Male,5,3,1,10,2,4684,13,4,0,3,3,4,1,3
No,58,Male,23,2,2,15,4,15787,14,3,0,1,3,3,2,3
No,18,Female,0,0,0,14,1,1514,16,4,0,2,3,3,3,1
Yes,31,Male,2,0,0,18,1,2956,17,4,0,4,4,1,3,3
Yes,29,Male,4,2,2,13,1,2335,15,3,3,1,2,1,4,3
No,45,Female,10,7,5,2,2,5154,22,3,2,3,3,3,2,4
No,36,Female,15,0,0,2,2,6962,22,2,1,4,3,2,4,3
No,43,Male,7,7,7,2,2,5675,20,5,1,1,3,4,3,3
No,27,Female,6,4,0,5,1,2379,14,3,0,4,3,4,3,2
No,29,Male,11,8,3,20,1,3812,13,3,0,4,3,4,2,4
No,32,Male,4,0,0,10,2,4648,13,2,0,4,3,4,3,4
No,42,Male,10,3,3,10,1,2936,22,1,2,3,3,3,2,2
No,47,Female,7,2,2,9,1,2105,12,2,0,2,3,3,3,3
No,46,Male,12,8,4,2,3,8578,14,4,1,4,3,4,3,2
No,28,Male,3,2,2,1,1,2706,15,2,1,3,3,4,2,3
No,29,Male,11,0,1,29,2,6384,17,3,2,4,1,3,4,3
No,42,Male,8,0,0,8,1,3968,13,3,0,4,3,3,4,3
Yes,32,Male,7,2,2,2,2,9907,12,3,0,3,2,2,3,2
No,46,Female,25,17,2,3,4,13225,12,5,1,1,4,1,4,3
No,27,Female,9,8,5,23,2,3540,21,5,1,2,2,3,4,3
No,29,Male,1,0,0,6,1,2804,11,3,0,4,2,2,4,3
No,43,Female,21,12,6,6,5,19392,13,2,0,1,2,3,4,3
No,48,Male,29,10,12,10,5,19665,12,3,0,4,2,2,4,3
Yes,29,Male,1,0,1,24,1,2439,24,3,0,4,2,4,2,2
Yes,46,Female,14,7,0,10,3,7314,21,2,3,3,3,2,3,3
No,27,Female,8,6,7,15,1,4774,19,2,1,4,2,1,4,2
No,39,Male,7,2,2,19,2,3902,14,2,3,4,3,4,2,3
No,55,Male,19,2,0,2,1,2662,20,2,1,2,2,4,2,4
No,28,Female,1,0,0,3,1,2856,19,3,1,2,3,2,4,3
Yes,30,Male,1,0,0,9,1,1081,13,3,0,2,3,4,3,2
Yes,22,Male,1,0,0,7,1,2472,23,2,0,4,3,2,1,3
No,36,Female,10,9,1,10,2,5673,13,4,1,2,2,3,1,3
No,31,Male,10,8,0,20,2,4197,11,2,1,2,3,3,1,3
No,34,Male,9,3,1,4,3,9713,13,3,3,3,3,4,4,3
No,29,Male,11,2,1,7,1,2062,14,2,0,4,3,1,2,3
No,37,Male,16,3,0,7,2,4284,22,2,1,4,3,1,3,3
No,35,Female,4,2,0,16,2,4788,11,2,0,4,2,2,4,3
No,45,Female,10,8,3,25,2,5906,13,2,2,2,2,4,4,2
No,36,Male,10,1,0,2,2,3886,21,2,0,2,2,4,4,2
No,40,Male,22,7,11,1,4,16823,11,3,1,1,3,1,1,3
No,26,Female,1,0,1,1,1,2933,13,3,1,2,2,3,3,2
No,27,Female,9,7,0,2,2,6500,14,5,0,1,4,3,2,2
No,48,Female,24,17,4,22,4,17174,11,3,1,4,3,4,2,3
No,44,Male,10,0,2,1,2,5033,15,5,1,2,4,1,4,3
Yes,34,Male,5,2,3,16,1,2307,23,2,1,4,1,1,2,3
Yes,56,Male,5,2,1,24,1,2587,16,3,0,1,3,4,4,3
No,36,Male,12,2,1,17,2,5507,16,1,2,3,2,2,3,1
No,41,Female,14,4,1,8,2,4393,21,3,1,3,3,2,3,3
No,42,Male,18,7,5,6,3,13348,13,3,1,3,3,1,2,4
No,31,Female,8,2,1,10,2,6583,11,2,1,3,3,4,4,3
No,34,Female,9,2,0,3,2,8103,12,3,0,4,2,4,3,2
No,31,Female,4,2,2,4,1,3978,12,0,1,1,4,3,2,2
No,26,Male,8,7,7,6,1,2544,18,3,1,3,4,4,1,3
No,45,Male,12,2,0,1,2,5399,12,3,0,2,3,3,3,3
No,33,Male,10,4,0,10,2,5487,14,2,0,2,3,3,2,2
No,28,Male,7,7,0,1,2,6834,12,2,1,3,2,4,3,3
Yes,29,Male,1,0,0,24,1,1091,17,3,0,3,4,1,4,3
No,39,Female,10,2,1,21,2,5736,19,1,1,1,1,3,3,3
No,27,Male,6,3,1,2,1,2226,11,3,1,2,3,2,3,2
No,34,Male,16,10,6,22,2,5747,15,3,0,3,2,4,2,3
Yes,28,Female,6,0,2,13,2,9854,11,0,0,4,3,3,4,3
No,47,Male,16,7,1,14,2,5467,18,4,1,3,3,2,3,4
No,56,Female,6,0,0,11,2,5380,16,3,1,4,2,1,3,3
No,39,Male,10,0,7,9,2,5151,25,3,1,1,3,1,4,3
No,38,Female,20,11,0,8,2,2133,16,3,1,4,2,2,3,3
No,58,Female,29,0,0,21,4,17875,13,2,1,4,3,4,3,2
Yes,32,Female,8,1,0,5,1,2432,14,2,0,1,4,3,1,3
No,38,Male,10,2,0,9,1,4771,19,0,2,2,3,4,4,4
No,49,Male,28,4,4,2,5,19161,15,3,0,2,3,4,4,3
No,42,Male,14,0,0,12,2,5087,12,4,2,2,3,4,3,3
Yes,27,Female,1,0,0,22,1,2863,12,2,0,1,2,2,1,3
No,35,Male,6,3,0,18,2,5561,16,2,1,2,3,1,4,1
No,28,Male,5,3,1,16,1,2144,14,3,0,3,3,3,3,2
No,31,Male,4,2,2,3,1,3065,13,3,1,3,3,1,4,4
No,36,Male,5,4,0,9,1,2810,22,3,0,1,4,2,2,3
No,34,Male,14,8,2,1,3,9888,21,3,0,1,3,4,1,2
No,34,Male,9,7,1,13,3,8628,18,2,1,4,3,3,3,2
No,26,Male,8,7,7,1,1,2867,13,6,0,3,3,1,4,2
No,29,Male,6,3,0,1,2,5373,12,5,1,1,3,1,1,2
No,32,Female,9,1,1,15,2,6667,18,6,1,3,3,4,2,3
No,31,Male,10,8,8,1,2,5003,21,6,0,4,1,1,2,3
Yes,28,Male,6,1,0,17,1,2367,12,2,1,3,2,4,1,2
No,38,Male,20,0,0,1,1,2858,14,3,0,1,2,1,1,2
No,35,Female,10,8,0,7,2,5204,11,2,0,3,3,4,4,3
No,27,Male,7,7,0,9,2,4105,14,5,0,4,3,4,1,3
No,32,Male,8,0,0,5,2,9679,24,1,0,4,2,4,2,3
Yes,31,Male,10,7,0,26,2,5617,11,4,0,1,3,4,3,3
Yes,53,Male,15,2,2,24,3,10448,13,2,0,1,3,1,2,2
No,54,Female,9,3,2,9,2,2897,11,6,2,1,3,3,3,2
No,33,Male,9,7,2,7,2,5968,20,2,3,4,3,3,3,3
No,43,Male,10,9,0,11,3,7510,17,1,1,1,3,3,2,3
No,38,Male,7,2,1,1,1,2991,11,2,1,4,3,2,2,3
No,55,Male,35,9,1,26,5,19636,18,0,1,3,4,2,1,3
No,31,Female,1,0,0,2,1,1129,11,4,3,4,1,4,3,3
No,39,Male,21,8,11,15,4,13341,12,3,0,2,3,1,1,3
No,42,Male,20,9,3,23,2,4332,12,2,0,4,2,3,4,3
No,31,Female,13,7,4,10,3,11031,20,2,1,3,3,3,3,4
No,54,Female,9,2,1,10,2,4440,19,3,0,3,3,1,4,3
No,24,Male,4,3,1,1,2,4617,12,2,0,2,2,3,2,2
No,23,Male,5,2,1,12,1,2647,13,6,0,4,3,4,3,4
No,40,Female,10,9,9,11,2,6323,11,2,1,4,3,3,1,4
No,40,Female,15,8,5,2,2,5677,14,4,1,2,3,2,3,3
No,25,Female,6,0,1,2,1,2187,14,3,0,3,3,2,3,3
No,30,Male,12,8,1,1,1,3748,13,6,0,4,3,2,3,2
No,25,Male,7,2,0,2,1,3977,19,2,1,4,3,3,3,2
No,47,Male,25,14,12,25,3,8633,23,3,0,1,3,3,2,3
No,33,Male,1,1,0,1,1,2008,12,2,3,2,2,3,3,2
No,38,Male,16,13,5,1,2,4440,15,3,2,4,3,2,1,3
No,31,Male,3,2,1,2,1,3067,19,1,1,1,3,3,3,3
No,38,Male,10,3,7,6,2,5321,11,1,1,1,2,3,4,3
No,42,Male,9,3,1,18,2,5410,17,3,1,4,3,1,3,2
No,41,Male,12,3,1,1,1,2782,22,3,1,4,3,4,1,3
No,47,Female,14,8,5,1,3,11957,18,3,2,3,3,2,1,1
No,35,Male,5,2,2,11,1,2660,11,3,1,4,3,3,3,3
No,22,Male,4,2,1,1,1,3375,12,2,0,4,3,3,4,4
No,35,Male,10,7,0,9,2,5098,19,5,0,2,3,3,2,3
No,33,Female,10,7,8,15,2,4878,13,6,1,2,3,4,1,3
No,32,Female,6,2,4,29,1,2837,13,3,0,3,2,2,3,3
No,40,Male,8,0,0,1,1,2406,19,3,2,1,3,4,3,2
No,32,Male,3,2,2,1,1,2269,14,2,1,2,2,2,2,3
No,39,Male,18,7,1,24,2,4108,13,2,0,1,3,4,1,3
No,38,Female,20,16,1,10,3,13206,12,3,1,2,1,3,1,3
No,32,Female,14,10,5,1,3,10422,19,3,2,3,3,4,3,3
No,37,Female,16,11,6,10,3,13744,25,2,1,3,4,4,1,3
No,25,Female,6,3,0,8,2,4907,22,3,1,1,3,3,2,2
No,52,Male,16,8,0,29,1,3482,15,3,2,1,3,4,2,2
No,44,Male,6,3,1,1,1,2436,12,2,0,2,3,4,3,3
No,21,Male,2,2,1,5,1,2380,11,6,0,3,3,1,4,3
No,39,Male,21,0,1,9,5,19431,13,3,0,4,3,4,3,2
Yes,23,Male,1,0,1,9,1,1790,19,3,1,4,3,1,1,2
No,36,Female,10,7,3,3,3,7644,19,2,2,1,2,4,3,3
No,36,Female,18,2,0,4,2,5131,13,3,3,4,3,2,2,3
No,56,Male,13,12,1,1,2,6306,21,2,1,3,3,3,1,2
Yes,29,Male,4,2,2,1,1,4787,14,3,3,1,3,4,2,4
No,42,Male,24,6,4,2,5,18880,11,2,0,1,3,3,1,2
Yes,56,Male,14,9,9,7,1,2339,11,4,1,4,3,3,4,1
No,41,Female,21,7,0,28,4,13570,23,3,1,1,2,2,3,3
No,34,Female,8,7,1,28,2,6712,21,2,2,4,2,3,4,3
No,36,Male,15,12,11,15,2,5406,24,4,1,4,1,4,1,2
No,41,Male,14,4,0,3,2,8938,11,5,1,3,2,2,3,3
No,32,Male,4,2,1,2,1,2439,14,4,0,4,3,1,4,3
No,35,Female,9,0,1,26,3,8837,16,2,0,3,3,4,3,3
No,38,Female,10,7,1,10,2,5343,11,1,1,1,3,4,3,3
Yes,50,Male,12,3,0,1,2,6728,12,3,2,2,3,3,4,3
No,36,Female,8,3,0,11,2,6652,13,2,1,2,2,4,1,2
No,45,Female,8,3,0,20,2,4850,15,3,0,4,3,3,3,3
No,40,Male,8,2,2,2,1,2809,14,2,0,3,2,3,4,3
No,35,Male,10,2,0,18,2,5689,14,2,2,3,3,3,4,4
No,40,Female,20,3,0,2,1,2001,14,2,3,3,3,3,2,3
No,35,Female,4,3,1,1,1,2977,12,5,1,3,1,4,4,3
No,29,Male,10,3,0,13,2,4025,13,2,1,4,2,2,1,3
No,29,Female,5,4,0,28,1,3785,14,3,0,4,2,1,2,1
Yes,50,Male,20,2,2,28,3,10854,13,3,1,4,2,1,2,3
No,39,Female,21,9,9,24,4,12031,11,2,1,2,2,4,1,2
No,31,Male,10,4,1,5,2,9936,19,2,0,2,3,1,2,3
No,26,Female,5,2,0,5,1,2966,18,2,0,4,2,3,4,3
No,36,Male,17,2,0,23,2,2571,17,3,1,3,4,4,3,3
No,39,Male,9,7,1,6,3,9991,15,5,1,4,2,1,1,3
No,27,Male,6,2,0,4,2,6142,20,0,1,2,4,2,2,3
No,49,Male,17,6,0,2,2,5390,14,3,0,4,2,2,4,2
No,34,Male,6,3,1,8,2,4404,12,3,0,2,4,3,1,4
